frame.time_epoch,ip.src,ip.dst,tcp.srcport,tcp.dstport,frame.len,tcp.flags
"1784064636.402835231","172.18.203.227","4.150.223.111","37180","443","2524","0x0018"
"1784064636.402842493","172.18.203.227","4.150.223.111","37180","443","120","0x0018"
"1784064636.407780326","4.150.223.111","172.18.203.227","443","37180","68","0x0010"
"1784064636.407780455","4.150.223.111","172.18.203.227","443","37180","68","0x0010"
"1784064636.407780473","4.150.223.111","172.18.203.227","443","37180","68","0x0010"
"1784064636.686962904","127.0.0.1","127.0.0.1","57662","34719","136","0x0018"
"1784064636.688634316","127.0.0.1","127.0.0.1","34719","57662","92","0x0018"
"1784064636.688662649","127.0.0.1","127.0.0.1","57662","34719","68","0x0010"
"1784064636.974795328","4.150.223.111","172.18.203.227","443","37180","167","0x0018"
"1784064636.974830529","172.18.203.227","4.150.223.111","37180","443","68","0x0010"
"1784064637.194924322","127.0.0.1","127.0.0.1","34719","57668","340","0x0018"
"1784064637.211371298","127.0.0.1","127.0.0.1","34719","57668","226","0x0018"
"1784064637.211431355","127.0.0.1","127.0.0.1","57668","34719","68","0x0010"
"1784064637.211975858","127.0.0.1","127.0.0.1","34719","57668","133","0x0018"
"1784064637.213319499","127.0.0.1","127.0.0.1","34719","57668","6187","0x0018"
"1784064637.213405634","127.0.0.1","127.0.0.1","57668","34719","68","0x0010"
"1784064637.219301208","127.0.0.1","127.0.0.1","57668","34719","182","0x0018"
"1784064637.219318890","127.0.0.1","127.0.0.1","34719","57668","68","0x0010"
"1784064637.219552638","127.0.0.1","127.0.0.1","57668","34719","146","0x0018"
"1784064637.219566105","127.0.0.1","127.0.0.1","34719","57668","68","0x0010"
"1784064637.219777556","127.0.0.1","127.0.0.1","57668","34719","110","0x0018"
"1784064637.219788466","127.0.0.1","127.0.0.1","34719","57668","68","0x0010"
"1784064637.220476378","127.0.0.1","127.0.0.1","57668","34719","688","0x0018"
"1784064637.220490322","127.0.0.1","127.0.0.1","34719","57668","68","0x0010"
"1784064637.220525186","127.0.0.1","127.0.0.1","57662","34719","1056","0x0018"
"1784064637.220546126","127.0.0.1","127.0.0.1","57668","34719","4164","0x0018"
"1784064637.220547837","127.0.0.1","127.0.0.1","34719","57668","68","0x0010"
"1784064637.220643005","127.0.0.1","127.0.0.1","57668","34719","444","0x0018"
"1784064637.220655579","127.0.0.1","127.0.0.1","34719","57668","68","0x0010"
"1784064637.222082099","127.0.0.1","127.0.0.1","34719","57668","2408","0x0018"
"1784064637.222191582","127.0.0.1","127.0.0.1","34719","57662","114","0x0018"
"1784064637.222208404","127.0.0.1","127.0.0.1","57662","34719","68","0x0010"
"1784064637.263930841","127.0.0.1","127.0.0.1","57668","34719","68","0x0010"
"1784064637.314734450","127.0.0.1","127.0.0.1","34719","57668","1177","0x0018"
"1784064637.314796064","127.0.0.1","127.0.0.1","57668","34719","68","0x0010"
"1784064637.316966208","127.0.0.1","127.0.0.1","57668","34719","130","0x0018"
"1784064637.318494462","127.0.0.1","127.0.0.1","34719","57668","106","0x0018"
"1784064637.318509233","127.0.0.1","127.0.0.1","57668","34719","110","0x0018"
"1784064637.359919312","127.0.0.1","127.0.0.1","34719","57668","68","0x0010"
"1784064637.515699341","127.0.0.1","127.0.0.1","34719","57668","111","0x0018"
"1784064637.517200488","127.0.0.1","127.0.0.1","57668","34719","110","0x0018"
"1784064637.517219838","127.0.0.1","127.0.0.1","34719","57668","68","0x0010"
"1784064637.519376695","127.0.0.1","127.0.0.1","57668","34719","899","0x0018"
"1784064637.519392487","127.0.0.1","127.0.0.1","34719","57668","68","0x0010"
"1784064637.520818662","127.0.0.1","127.0.0.1","34719","57668","206","0x0018"
"1784064637.521738572","127.0.0.1","127.0.0.1","57668","34719","146","0x0018"
"1784064637.526451534","127.0.0.1","127.0.0.1","34719","57668","226","0x0018"
"1784064637.527029642","127.0.0.1","127.0.0.1","34719","57668","96","0x0018"
"1784064637.527075569","127.0.0.1","127.0.0.1","57668","34719","68","0x0010"
"1784064637.527586352","127.0.0.1","127.0.0.1","57668","34719","146","0x0018"
"1784064637.528806321","127.0.0.1","127.0.0.1","34719","57668","695","0x0018"
"1784064637.529729631","127.0.0.1","127.0.0.1","57668","34719","146","0x0018"
"1784064637.571886392","127.0.0.1","127.0.0.1","34719","57668","68","0x0010"
"1784064637.805513615","127.0.0.1","127.0.0.1","57662","34719","601","0x0018"
"1784064637.807176482","127.0.0.1","127.0.0.1","34719","57662","92","0x0018"
"1784064637.807198853","127.0.0.1","127.0.0.1","57662","34719","68","0x0010"
"1784064637.851958216","127.0.0.1","127.0.0.1","57668","34719","183","0x0018"
"1784064637.851958634","127.0.0.1","127.0.0.1","57662","34719","230","0x0018"
"1784064637.851981279","127.0.0.1","127.0.0.1","34719","57668","68","0x0010"
"1784064637.853412611","127.0.0.1","127.0.0.1","34719","57668","112","0x0018"
"1784064637.853579143","127.0.0.1","127.0.0.1","34719","57662","890","0x0018"
"1784064637.853595554","127.0.0.1","127.0.0.1","57662","34719","68","0x0010"
"1784064637.854874202","127.0.0.1","127.0.0.1","57662","34719","288","0x0018"
"1784064637.856285179","127.0.0.1","127.0.0.1","34719","57662","1004","0x0018"
"1784064637.857256572","127.0.0.1","127.0.0.1","57662","34719","235","0x0018"
"1784064637.858615553","127.0.0.1","127.0.0.1","34719","57662","900","0x0018"
"1784064637.859493726","127.0.0.1","127.0.0.1","57662","34719","223","0x0018"
"1784064637.860832200","127.0.0.1","127.0.0.1","34719","57662","876","0x0018"
"1784064637.861735657","127.0.0.1","127.0.0.1","57662","34719","229","0x0018"
"1784064637.863006562","127.0.0.1","127.0.0.1","34719","57662","175","0x0018"
"1784064637.871756208","127.0.0.1","127.0.0.1","34719","57662","234","0x0018"
"1784064637.871795861","127.0.0.1","127.0.0.1","57662","34719","68","0x0010"
"1784064637.873057832","127.0.0.1","127.0.0.1","57668","34719","269","0x0018"
"1784064637.875117312","127.0.0.1","127.0.0.1","34719","57668","155","0x0018"
"1784064637.876049268","127.0.0.1","127.0.0.1","57668","34719","110","0x0018"
"1784064637.881615602","127.0.0.1","127.0.0.1","57662","34719","291","0x0018"
"1784064637.883137554","127.0.0.1","127.0.0.1","34719","57662","1010","0x0018"
"1784064637.919243443","127.0.0.1","127.0.0.1","57662","34719","233","0x0018"
"1784064637.919856373","127.0.0.1","127.0.0.1","34719","57668","68","0x0010"
"1784064637.919862746","127.0.0.1","127.0.0.1","57668","34719","274","0x0018"
"1784064637.919880019","127.0.0.1","127.0.0.1","34719","57668","68","0x0010"
"1784064637.919997242","127.0.0.1","127.0.0.1","34719","57662","896","0x0018"
"1784064637.921141229","127.0.0.1","127.0.0.1","57662","34719","261","0x0018"
"1784064637.921222117","127.0.0.1","127.0.0.1","34719","57668","154","0x0018"
"1784064637.922739654","127.0.0.1","127.0.0.1","34719","57662","950","0x0018"
"1784064637.963900600","127.0.0.1","127.0.0.1","57668","34719","68","0x0010"
"1784064637.963931747","127.0.0.1","127.0.0.1","57662","34719","68","0x0010"
"1784064637.985761075","127.0.0.1","127.0.0.1","57668","34719","186","0x0018"
"1784064637.987141494","127.0.0.1","127.0.0.1","34719","57668","142","0x0018"
"1784064637.987202573","127.0.0.1","127.0.0.1","57668","34719","68","0x0010"
"1784064638.118955792","127.0.0.1","127.0.0.1","34719","57662","154","0x0018"
"1784064638.118976956","127.0.0.1","127.0.0.1","57662","34719","68","0x0010"
"1784064638.491691498","127.0.0.1","127.0.0.1","57662","34719","601","0x0018"
"1784064638.493769921","127.0.0.1","127.0.0.1","34719","57662","92","0x0018"
"1784064638.493802913","127.0.0.1","127.0.0.1","57662","34719","68","0x0010"
"1784064638.602749640","127.0.0.1","127.0.0.1","57662","34719","127","0x0018"
"1784064638.602750782","127.0.0.1","127.0.0.1","57668","34719","128","0x0018"
"1784064638.604237673","127.0.0.1","127.0.0.1","34719","57668","106","0x0018"
"1784064638.604258987","127.0.0.1","127.0.0.1","57668","34719","68","0x0010"
"1784064638.604337771","127.0.0.1","127.0.0.1","34719","57662","92","0x0018"
"1784064638.604352252","127.0.0.1","127.0.0.1","57662","34719","68","0x0010"
"1784064638.609842616","127.0.0.1","127.0.0.1","34719","57662","136","0x0018"
"1784064638.609861739","127.0.0.1","127.0.0.1","57662","34719","68","0x0010"
"1784064638.616935752","127.0.0.1","127.0.0.1","57668","34719","155","0x0018"
"1784064638.618407065","127.0.0.1","127.0.0.1","34719","57668","106","0x0018"
"1784064638.659948554","127.0.0.1","127.0.0.1","57668","34719","68","0x0010"
"1784064638.683149723","127.0.0.1","127.0.0.1","57662","34719","87","0x0018"
"1784064638.723913605","127.0.0.1","127.0.0.1","34719","57662","68","0x0010"
"1784064638.826177824","127.0.0.1","127.0.0.1","57668","34719","87","0x0018"
"1784064638.867902685","127.0.0.1","127.0.0.1","34719","57668","68","0x0010"
"1784064639.024491903","127.0.0.1","127.0.0.1","34719","57662","83","0x0018"
"1784064639.024620686","127.0.0.1","127.0.0.1","57662","34719","68","0x0010"
"1784064757.592642851","172.18.203.227","185.125.190.57",,,"92",
"1784064757.593293556","127.0.0.1","127.0.0.1","34719","57662","234","0x0018"
"1784064757.593314717","127.0.0.1","127.0.0.1","57662","34719","68","0x0010"
"1784064757.595209348","127.0.0.1","127.0.0.1","57668","34719","269","0x0018"
"1784064757.595238511","127.0.0.1","127.0.0.1","34719","57668","68","0x0010"
"1784064757.596952434","127.0.0.1","127.0.0.1","34719","57668","155","0x0018"
"1784064757.596972866","127.0.0.1","127.0.0.1","57668","34719","68","0x0010"
"1784064757.598155856","127.0.0.1","127.0.0.1","57668","34719","110","0x0018"
"1784064757.638726377","127.0.0.1","127.0.0.1","34719","57668","68","0x0010"
"1784064757.868831114","185.125.190.57","172.18.203.227",,,"92",
"1784064639.430736586","127.0.0.1","127.0.0.1","34719","57668","83","0x0018"
"1784064639.457174712","127.0.0.1","127.0.0.1","57668","34719","128","0x0018"
"1784064639.457189149","127.0.0.1","127.0.0.1","57662","34719","125","0x0018"
"1784064639.457197005","127.0.0.1","127.0.0.1","34719","57668","68","0x0010"
"1784064639.457211900","127.0.0.1","127.0.0.1","34719","57662","68","0x0010"
"1784064639.458488315","127.0.0.1","127.0.0.1","34719","57668","106","0x0018"
"1784064639.458707801","127.0.0.1","127.0.0.1","34719","57662","92","0x0018"
"1784064639.458723054","127.0.0.1","127.0.0.1","57662","34719","68","0x0010"
"1784064639.464367338","127.0.0.1","127.0.0.1","34719","57662","232","0x0018"
"1784064639.464386329","127.0.0.1","127.0.0.1","57662","34719","68","0x0010"
"1784064639.472984657","127.0.0.1","127.0.0.1","57668","34719","199","0x0018"
"1784064639.474451606","127.0.0.1","127.0.0.1","34719","57668","106","0x0018"
"1784064639.474465948","127.0.0.1","127.0.0.1","57668","34719","250","0x0018"
"1784064639.475716498","127.0.0.1","127.0.0.1","34719","57668","106","0x0018"
"1784064639.488203068","127.0.0.1","127.0.0.1","34719","57662","154","0x0018"
"1784064639.488221504","127.0.0.1","127.0.0.1","57662","34719","68","0x0010"
"1784064639.495448996","127.0.0.1","127.0.0.1","57668","34719","173","0x0018"
"1784064639.496805804","127.0.0.1","127.0.0.1","34719","57668","106","0x0018"
"1784064639.544265684","127.0.0.1","127.0.0.1","57668","34719","68","0x0010"
"1784064639.544859439","127.0.0.1","127.0.0.1","57668","34719","184","0x0018"
"1784064639.546232428","127.0.0.1","127.0.0.1","34719","57668","106","0x0018"
"1784064639.546315260","127.0.0.1","127.0.0.1","57668","34719","68","0x0010"
"1784064639.574814062","127.0.0.1","127.0.0.1","34719","57662","209","0x0018"
"1784064639.574836708","127.0.0.1","127.0.0.1","57662","34719","68","0x0010"
"1784064639.580193371","127.0.0.1","127.0.0.1","57668","34719","188","0x0018"
"1784064639.581625944","127.0.0.1","127.0.0.1","34719","57668","142","0x0018"
"1784064639.608715759","127.0.0.1","127.0.0.1","34719","57662","247","0x0018"
"1784064639.608745410","127.0.0.1","127.0.0.1","57662","34719","68","0x0010"
"1784064639.609969904","127.0.0.1","127.0.0.1","57668","34719","282","0x0018"
"1784064639.611669571","127.0.0.1","127.0.0.1","34719","57668","155","0x0018"
"1784064639.612503858","127.0.0.1","127.0.0.1","57668","34719","110","0x0018"
"1784064639.656293441","127.0.0.1","127.0.0.1","34719","57668","68","0x0010"
"1784064640.034921819",,,,,"44",
"1784064640.034988083",,,,,"44",
"1784064640.086590859","127.0.0.1","127.0.0.1","57662","34719","136","0x0018"
"1784064640.088266992","127.0.0.1","127.0.0.1","34719","57662","92","0x0018"
"1784064640.088288523","127.0.0.1","127.0.0.1","57662","34719","68","0x0010"
"1784064640.125454929","127.0.0.1","127.0.0.1","57668","34719","183","0x0018"
"1784064640.125480685","127.0.0.1","127.0.0.1","34719","57668","68","0x0010"
"1784064640.126938490","127.0.0.1","127.0.0.1","34719","57668","112","0x0018"
"1784064640.168397943","127.0.0.1","127.0.0.1","57668","34719","68","0x0010"
"1784064640.187355457","127.0.0.1","127.0.0.1","57668","34719","186","0x0018"
"1784064640.188903031","127.0.0.1","127.0.0.1","34719","57668","112","0x0018"
"1784064640.188922163","127.0.0.1","127.0.0.1","57668","34719","68","0x0010"
"1784064640.253689415","127.0.0.1","127.0.0.1","57668","34719","156","0x0018"
"1784064640.255069396","127.0.0.1","127.0.0.1","34719","57668","112","0x0018"
"1784064640.255075843","127.0.0.1","127.0.0.1","57668","34719","68","0x0010"
"1784064640.406278055","127.0.0.1","127.0.0.1","57668","34719","183","0x0018"
"1784064640.407704832","127.0.0.1","127.0.0.1","34719","57668","112","0x0018"
"1784064640.407758096","127.0.0.1","127.0.0.1","57668","34719","68","0x0010"
"1784064640.437682881","127.0.0.1","127.0.0.1","57668","34719","186","0x0018"
"1784064640.439184979","127.0.0.1","127.0.0.1","34719","57668","112","0x0018"
"1784064640.480395159","127.0.0.1","127.0.0.1","57668","34719","68","0x0010"
"1784064640.978533678","127.0.0.1","127.0.0.1","57668","34719","130","0x0018"
"1784064640.980023808","127.0.0.1","127.0.0.1","34719","57668","106","0x0018"
"1784064640.980042130","127.0.0.1","127.0.0.1","57668","34719","68","0x0010"
"1784064641.100420450","172.18.203.227","4.150.223.111","37180","443","107","0x0018"
"1784064641.104485662","4.150.223.111","172.18.203.227","443","37180","68","0x0010"
"1784064641.201803913","127.0.0.1","127.0.0.1","57662","34719","251","0x0018"
"1784064641.201804172","127.0.0.1","127.0.0.1","57668","34719","148","0x0018"
"1784064641.203379612","127.0.0.1","127.0.0.1","34719","57668","112","0x0018"
"1784064641.203400504","127.0.0.1","127.0.0.1","57668","34719","68","0x0010"
"1784064641.203436196","127.0.0.1","127.0.0.1","34719","57662","932","0x0018"
"1784064641.203452376","127.0.0.1","127.0.0.1","57662","34719","68","0x0010"
"1784064641.222727916","127.0.0.1","127.0.0.1","57668","34719","148","0x0018"
"1784064641.222728076","127.0.0.1","127.0.0.1","57662","34719","251","0x0018"
"1784064641.224285236","127.0.0.1","127.0.0.1","34719","57668","112","0x0018"
"1784064641.224332811","127.0.0.1","127.0.0.1","34719","57662","932","0x0018"
"1784064641.256655938","127.0.0.1","127.0.0.1","57662","34719","249","0x0018"
"1784064641.256656088","127.0.0.1","127.0.0.1","57668","34719","145","0x0018"
"1784064641.258181454","127.0.0.1","127.0.0.1","34719","57668","112","0x0018"
"1784064641.258215146","127.0.0.1","127.0.0.1","34719","57662","928","0x0018"
"1784064641.289735206","127.0.0.1","127.0.0.1","57662","34719","281","0x0018"
"1784064641.289735358","127.0.0.1","127.0.0.1","57668","34719","176","0x0018"
"1784064641.291275506","127.0.0.1","127.0.0.1","34719","57668","112","0x0018"
"1784064641.291280135","127.0.0.1","127.0.0.1","34719","57662","990","0x0018"
"1784064641.332287400","127.0.0.1","127.0.0.1","57668","34719","68","0x0010"
"1784064641.336363580","127.0.0.1","127.0.0.1","57662","34719","68","0x0010"
"1784064641.358135794","127.0.0.1","127.0.0.1","57668","34719","296","0x0018"
"1784064641.358218027","127.0.0.1","127.0.0.1","57662","34719","287","0x0018"
"1784064641.359754334","127.0.0.1","127.0.0.1","34719","57662","1002","0x0018"
"1784064641.359773956","127.0.0.1","127.0.0.1","57662","34719","68","0x0010"
"1784064641.359902143","127.0.0.1","127.0.0.1","34719","57668","184","0x0018"
"1784064641.359932654","127.0.0.1","127.0.0.1","57668","34719","68","0x0010"
"1784064641.394272497","4.150.223.111","172.18.203.227","443","37180","107","0x0018"
"1784064641.394294474","172.18.203.227","4.150.223.111","37180","443","68","0x0010"
"1784064641.498952054","127.0.0.1","127.0.0.1","34719","57662","154","0x0018"
"1784064641.498974686","127.0.0.1","127.0.0.1","57662","34719","68","0x0010"
"1784064641.835706059","127.0.0.1","127.0.0.1","57662","34719","601","0x0018"
"1784064641.837921420","127.0.0.1","127.0.0.1","34719","57662","92","0x0018"
"1784064641.837966900","127.0.0.1","127.0.0.1","57662","34719","68","0x0010"
"1784064641.972114980","127.0.0.1","127.0.0.1","57668","34719","128","0x0018"
"1784064641.972142114","127.0.0.1","127.0.0.1","57662","34719","127","0x0018"
"1784064641.973614175","127.0.0.1","127.0.0.1","34719","57668","106","0x0018"
"1784064641.973632894","127.0.0.1","127.0.0.1","57668","34719","68","0x0010"
"1784064641.973986386","127.0.0.1","127.0.0.1","34719","57662","92","0x0018"
"1784064641.974000957","127.0.0.1","127.0.0.1","57662","34719","68","0x0010"
"1784064641.978797220","127.0.0.1","127.0.0.1","34719","57662","173","0x0018"
"1784064641.978821024","127.0.0.1","127.0.0.1","57662","34719","68","0x0010"
"1784064641.985583095","127.0.0.1","127.0.0.1","57668","34719","192","0x0018"
"1784064641.987153316","127.0.0.1","127.0.0.1","34719","57668","106","0x0018"
"1784064642.028348267","127.0.0.1","127.0.0.1","57668","34719","68","0x0010"
"1784064642.175756072","127.0.0.1","127.0.0.1","57668","34719","128","0x0018"
"1784064642.175767220","127.0.0.1","127.0.0.1","57662","34719","127","0x0018"
"1784064642.176269108","127.0.0.1","127.0.0.1","34719","57662","92","0x0018"
"1784064642.176284708","127.0.0.1","127.0.0.1","57662","34719","68","0x0010"
"1784064642.177371085","127.0.0.1","127.0.0.1","34719","57668","106","0x0018"
"1784064642.177385926","127.0.0.1","127.0.0.1","57668","34719","68","0x0010"
"1784064642.183073882","127.0.0.1","127.0.0.1","34719","57662","529","0x0018"
"1784064642.183090747","127.0.0.1","127.0.0.1","57662","34719","68","0x0010"
"1784064642.190415421","127.0.0.1","127.0.0.1","57668","34719","547","0x0018"
"1784064642.191912400","127.0.0.1","127.0.0.1","34719","57668","106","0x0018"
"1784064642.219330735","127.0.0.1","127.0.0.1","34719","57668","340","0x0018"
"1784064642.219435461","127.0.0.1","127.0.0.1","57668","34719","68","0x0010"
"1784064642.220934907","127.0.0.1","127.0.0.1","57668","34719","182","0x0018"
"1784064642.235967466","127.0.0.1","127.0.0.1","34719","57668","226","0x0018"
"1784064642.236423222","127.0.0.1","127.0.0.1","34719","57668","133","0x0018"
"1784064642.236485773","127.0.0.1","127.0.0.1","57668","34719","68","0x0010"
"1784064642.237684804","127.0.0.1","127.0.0.1","57668","34719","146","0x0018"
"1784064642.237937292","127.0.0.1","127.0.0.1","34719","57668","6187","0x0018"
"1784064642.237962352","127.0.0.1","127.0.0.1","57668","34719","110","0x0018"
"1784064642.239513115","127.0.0.1","127.0.0.1","57662","34719","1056","0x0018"
"1784064642.240967832","127.0.0.1","127.0.0.1","34719","57662","114","0x0018"
"1784064642.240987725","127.0.0.1","127.0.0.1","57662","34719","68","0x0010"
"1784064642.280512410","127.0.0.1","127.0.0.1","34719","57668","68","0x0010"
"1784064642.280524106","127.0.0.1","127.0.0.1","57668","34719","5160","0x0018"
"1784064642.280541285","127.0.0.1","127.0.0.1","34719","57668","68","0x0010"
"1784064642.282390376","127.0.0.1","127.0.0.1","34719","57668","2408","0x0018"
"1784064642.324837017","127.0.0.1","127.0.0.1","57668","34719","68","0x0010"
"1784064642.340029343","127.0.0.1","127.0.0.1","34719","57668","1177","0x0018"
"1784064642.340092960","127.0.0.1","127.0.0.1","57668","34719","68","0x0010"
"1784064642.341563568","127.0.0.1","127.0.0.1","57668","34719","110","0x0018"
"1784064642.384260939","127.0.0.1","127.0.0.1","34719","57668","68","0x0010"
"1784064642.409171417","127.0.0.1","127.0.0.1","57662","34719","127","0x0018"
"1784064642.409171623","127.0.0.1","127.0.0.1","57668","34719","128","0x0018"
"1784064642.409195265","127.0.0.1","127.0.0.1","34719","57668","68","0x0010"
"1784064642.410631211","127.0.0.1","127.0.0.1","34719","57668","106","0x0018"
"1784064642.410695060","127.0.0.1","127.0.0.1","34719","57662","92","0x0018"
"1784064642.410709855","127.0.0.1","127.0.0.1","57662","34719","68","0x0010"
"1784064642.416441314","127.0.0.1","127.0.0.1","34719","57662","162","0x0018"
"1784064642.416461433","127.0.0.1","127.0.0.1","57662","34719","68","0x0010"
"1784064642.424087591","127.0.0.1","127.0.0.1","57668","34719","181","0x0018"
"1784064642.425567430","127.0.0.1","127.0.0.1","34719","57668","106","0x0018"
"1784064642.468384222","127.0.0.1","127.0.0.1","57668","34719","68","0x0010"
"1784064642.539230583","127.0.0.1","127.0.0.1","34719","57668","111","0x0018"
"1784064642.539333474","127.0.0.1","127.0.0.1","57668","34719","68","0x0010"
"1784064642.540623969","127.0.0.1","127.0.0.1","57668","34719","110","0x0018"
"1784064642.584257115","127.0.0.1","127.0.0.1","34719","57668","68","0x0010"
"1784064642.584266355","127.0.0.1","127.0.0.1","57668","34719","899","0x0018"
"1784064642.584280195","127.0.0.1","127.0.0.1","34719","57668","68","0x0010"
"1784064642.585667298","127.0.0.1","127.0.0.1","34719","57668","206","0x0018"
"1784064642.587232958","127.0.0.1","127.0.0.1","57668","34719","146","0x0018"
"1784064642.592078271","127.0.0.1","127.0.0.1","34719","57668","226","0x0018"
"1784064642.592691101","127.0.0.1","127.0.0.1","34719","57668","96","0x0018"
"1784064642.592869105","127.0.0.1","127.0.0.1","57668","34719","68","0x0010"
"1784064642.594002268","127.0.0.1","127.0.0.1","57668","34719","146","0x0018"
"1784064642.594021078","127.0.0.1","127.0.0.1","34719","57668","695","0x0018"
"1784064642.594973822","127.0.0.1","127.0.0.1","57668","34719","146","0x0018"
"1784064642.640335986","127.0.0.1","127.0.0.1","34719","57668","68","0x0010"
"1784064642.652324138","127.0.0.1","127.0.0.1","57668","34719","128","0x0018"
"1784064642.652344736","127.0.0.1","127.0.0.1","57662","34719","127","0x0018"
"1784064642.652451644","127.0.0.1","127.0.0.1","34719","57668","68","0x0010"
"1784064642.653819348","127.0.0.1","127.0.0.1","34719","57668","106","0x0018"
"1784064642.654125641","127.0.0.1","127.0.0.1","34719","57662","92","0x0018"
"1784064642.654148357","127.0.0.1","127.0.0.1","57662","34719","68","0x0010"
"1784064642.659653703","127.0.0.1","127.0.0.1","34719","57662","140","0x0018"
"1784064642.659678033","127.0.0.1","127.0.0.1","57662","34719","68","0x0010"
"1784064642.666702110","127.0.0.1","127.0.0.1","57668","34719","159","0x0018"
"1784064642.668110103","127.0.0.1","127.0.0.1","34719","57668","106","0x0018"
"1784064642.708424894","127.0.0.1","127.0.0.1","57668","34719","68","0x0010"
"1784064642.946720109","127.0.0.1","127.0.0.1","57668","34719","128","0x0018"
"1784064642.946729742","127.0.0.1","127.0.0.1","57662","34719","127","0x0018"
"1784064642.948177401","127.0.0.1","127.0.0.1","34719","57668","106","0x0018"
"1784064642.948203569","127.0.0.1","127.0.0.1","57668","34719","68","0x0010"
"1784064642.948781662","127.0.0.1","127.0.0.1","34719","57662","92","0x0018"
"1784064642.948806915","127.0.0.1","127.0.0.1","57662","34719","68","0x0010"
"1784064642.954132618","127.0.0.1","127.0.0.1","34719","57662","151","0x0018"
"1784064642.954154539","127.0.0.1","127.0.0.1","57662","34719","68","0x0010"
"1784064642.961128363","127.0.0.1","127.0.0.1","57668","34719","170","0x0018"
"1784064642.962510671","127.0.0.1","127.0.0.1","34719","57668","106","0x0018"
"1784064643.004381089","127.0.0.1","127.0.0.1","57668","34719","68","0x0010"
"1784064643.304881144","127.0.0.1","127.0.0.1","57668","34719","128","0x0018"
"1784064643.305034058","127.0.0.1","127.0.0.1","57662","34719","127","0x0018"
"1784064643.306264901","127.0.0.1","127.0.0.1","34719","57662","92","0x0018"
"1784064643.306307730","127.0.0.1","127.0.0.1","57662","34719","68","0x0010"
"1784064643.306543037","127.0.0.1","127.0.0.1","34719","57668","106","0x0018"
"1784064643.306578631","127.0.0.1","127.0.0.1","57668","34719","68","0x0010"
"1784064643.313035569","127.0.0.1","127.0.0.1","34719","57662","170","0x0018"
"1784064643.313067127","127.0.0.1","127.0.0.1","57662","34719","68","0x0010"
"1784064643.320135846","127.0.0.1","127.0.0.1","57668","34719","189","0x0018"
"1784064643.321504876","127.0.0.1","127.0.0.1","34719","57668","106","0x0018"
"1784064643.364529209","127.0.0.1","127.0.0.1","57668","34719","68","0x0010"
"1784064643.638957870","127.0.0.1","127.0.0.1","57668","34719","128","0x0018"
"1784064643.638958057","127.0.0.1","127.0.0.1","57662","34719","127","0x0018"
"1784064643.640401091","127.0.0.1","127.0.0.1","34719","57668","106","0x0018"
"1784064643.640415025","127.0.0.1","127.0.0.1","57668","34719","68","0x0010"
"1784064643.640449155","127.0.0.1","127.0.0.1","34719","57662","92","0x0018"
"1784064643.640464107","127.0.0.1","127.0.0.1","57662","34719","68","0x0010"
"1784064643.645759158","127.0.0.1","127.0.0.1","34719","57662","149","0x0018"
"1784064643.645772627","127.0.0.1","127.0.0.1","57662","34719","68","0x0010"
"1784064643.653711867","127.0.0.1","127.0.0.1","57668","34719","168","0x0018"
"1784064643.655050615","127.0.0.1","127.0.0.1","34719","57668","106","0x0018"
"1784064643.691709334","127.0.0.1","127.0.0.1","57662","34719","87","0x0018"
"1784064643.696261767","127.0.0.1","127.0.0.1","57668","34719","68","0x0010"
"1784064643.732383936","127.0.0.1","127.0.0.1","34719","57662","68","0x0010"
"1784064643.816195810","127.0.0.1","127.0.0.1","57668","34719","87","0x0018"
"1784064643.860413354","127.0.0.1","127.0.0.1","34719","57668","68","0x0010"
"1784064643.980682155","127.0.0.1","127.0.0.1","57668","34719","128","0x0018"
"1784064643.980727025","127.0.0.1","127.0.0.1","34719","57668","68","0x0010"
"1784064643.980852521","127.0.0.1","127.0.0.1","57662","34719","127","0x0018"
"1784064643.980879829","127.0.0.1","127.0.0.1","34719","57662","68","0x0010"
"1784064643.982198261","127.0.0.1","127.0.0.1","34719","57668","106","0x0018"
"1784064643.982228878","127.0.0.1","127.0.0.1","57668","34719","68","0x0010"
"1784064643.982930071","127.0.0.1","127.0.0.1","34719","57662","92","0x0018"
"1784064643.982954505","127.0.0.1","127.0.0.1","57662","34719","68","0x0010"
"1784064643.988118178","127.0.0.1","127.0.0.1","34719","57662","158","0x0018"
"1784064643.988139604","127.0.0.1","127.0.0.1","57662","34719","68","0x0010"
"1784064643.995414376","127.0.0.1","127.0.0.1","57668","34719","177","0x0018"
"1784064643.996756986","127.0.0.1","127.0.0.1","34719","57668","106","0x0018"
"1784064644.025469048","127.0.0.1","127.0.0.1","34719","57662","83","0x0018"
"1784064644.025490308","127.0.0.1","127.0.0.1","57662","34719","68","0x0010"
"1784064644.040364008","127.0.0.1","127.0.0.1","57668","34719","68","0x0010"
"1784064762.610899769","172.18.203.227","185.125.190.57",,,"92",
"1784064762.714849576","127.0.0.1","127.0.0.1","34719","57662","234","0x0018"
"1784064762.714872520","127.0.0.1","127.0.0.1","57662","34719","68","0x0010"
"1784064762.716734767","127.0.0.1","127.0.0.1","57668","34719","269","0x0018"
"1784064762.717899156","127.0.0.1","127.0.0.1","34719","57668","155","0x0018"
"1784064762.717915792","127.0.0.1","127.0.0.1","57668","34719","68","0x0010"
"1784064762.718973822","127.0.0.1","127.0.0.1","57668","34719","110","0x0018"
"1784064762.762633789","127.0.0.1","127.0.0.1","34719","57668","68","0x0010"
"1784064762.866599354","185.125.190.57","172.18.203.227",,,"92",
"1784064644.425183812","127.0.0.1","127.0.0.1","34719","57668","83","0x0018"
"1784064644.470321939","127.0.0.1","127.0.0.1","57668","34719","68","0x0010"
"1784064646.004778060","127.0.0.1","127.0.0.1","34719","57662","155","0x0018"
"1784064646.004800601","127.0.0.1","127.0.0.1","57662","34719","68","0x0010"
"1784064764.642830687","172.18.203.227","185.125.190.57",,,"92",
"1784064764.897469342","185.125.190.57","172.18.203.227",,,"92",
"1784064646.719351271","127.0.0.1","127.0.0.1","57668","34719","128","0x0018"
"1784064646.719356083","127.0.0.1","127.0.0.1","57662","34719","125","0x0018"
"1784064646.719384787","127.0.0.1","127.0.0.1","34719","57668","68","0x0010"
"1784064646.720852075","127.0.0.1","127.0.0.1","34719","57668","106","0x0018"
"1784064646.720880136","127.0.0.1","127.0.0.1","57668","34719","68","0x0010"
"1784064646.721265340","127.0.0.1","127.0.0.1","34719","57662","92","0x0018"
"1784064646.721290118","127.0.0.1","127.0.0.1","57662","34719","68","0x0010"
"1784064646.726546300","127.0.0.1","127.0.0.1","34719","57662","247","0x0018"
"1784064646.726572126","127.0.0.1","127.0.0.1","57662","34719","68","0x0010"
"1784064646.733253072","127.0.0.1","127.0.0.1","57668","34719","413","0x0018"
"1784064646.733634409","127.0.0.1","127.0.0.1","34719","57668","142","0x0018"
"1784064646.756496119","127.0.0.1","127.0.0.1","34719","57662","166","0x0018"
"1784064646.756514861","127.0.0.1","127.0.0.1","57662","34719","68","0x0010"
"1784064646.763566164","127.0.0.1","127.0.0.1","57668","34719","185","0x0018"
"1784064646.764947999","127.0.0.1","127.0.0.1","34719","57668","106","0x0018"
"1784064646.785025276","127.0.0.1","127.0.0.1","34719","57662","209","0x0018"
"1784064646.785044789","127.0.0.1","127.0.0.1","57662","34719","68","0x0010"
"1784064646.788044371","127.0.0.1","127.0.0.1","57668","34719","188","0x0018"
"1784064646.789430820","127.0.0.1","127.0.0.1","34719","57668","142","0x0018"
"1784064646.810875222","127.0.0.1","127.0.0.1","57668","34719","196","0x0018"
"1784064646.812237982","127.0.0.1","127.0.0.1","34719","57668","106","0x0018"
"1784064646.828740539","127.0.0.1","127.0.0.1","34719","57662","377","0x0018"
"1784064646.828763305","127.0.0.1","127.0.0.1","57662","34719","68","0x0010"
"1784064646.831432938","127.0.0.1","127.0.0.1","57668","34719","1131","0x0018"
"1784064646.833325111","127.0.0.1","127.0.0.1","34719","57662","306","0x0018"
"1784064646.833344523","127.0.0.1","127.0.0.1","57662","34719","68","0x0010"
"1784064646.833357175","127.0.0.1","127.0.0.1","34719","57668","247","0x0018"
"1784064646.837982149","127.0.0.1","127.0.0.1","57668","34719","395","0x0018"
"1784064646.839408196","127.0.0.1","127.0.0.1","34719","57668","106","0x0018"
"1784064646.839426224","127.0.0.1","127.0.0.1","57668","34719","110","0x0018"
"1784064646.841057262","127.0.0.1","127.0.0.1","34719","57668","88","0x0018"
"1784064646.841077078","127.0.0.1","127.0.0.1","57668","34719","196","0x0018"
"1784064646.842367625","127.0.0.1","127.0.0.1","34719","57668","142","0x0018"
"1784064646.870843385","127.0.0.1","127.0.0.1","57668","34719","324","0x0018"
"1784064646.872189667","127.0.0.1","127.0.0.1","34719","57668","106","0x0018"
"1784064646.898807625","127.0.0.1","127.0.0.1","34719","57662","242","0x0018"
"1784064646.898829420","127.0.0.1","127.0.0.1","57662","34719","68","0x0010"
"1784064646.900290060","127.0.0.1","127.0.0.1","57668","34719","277","0x0018"
"1784064646.902343360","127.0.0.1","127.0.0.1","34719","57668","155","0x0018"
"1784064646.903269610","127.0.0.1","127.0.0.1","57668","34719","110","0x0018"
"1784064646.946620792","127.0.0.1","127.0.0.1","34719","57668","68","0x0010"
"1784064646.985261144","127.0.0.1","127.0.0.1","34719","57662","229","0x0018"
"1784064646.985283999","127.0.0.1","127.0.0.1","57662","34719","68","0x0010"
"1784064646.991668680","127.0.0.1","127.0.0.1","57668","34719","194","0x0018"
"1784064646.991687661","127.0.0.1","127.0.0.1","34719","57668","68","0x0010"
"1784064646.993133484","127.0.0.1","127.0.0.1","34719","57668","142","0x0018"
"1784064647.034591640","127.0.0.1","127.0.0.1","57668","34719","68","0x0010"
"1784064647.242825570","127.0.0.1","127.0.0.1","34719","57668","340","0x0018"
"1784064647.242859131","127.0.0.1","127.0.0.1","57668","34719","68","0x0010"
"1784064647.244759639","127.0.0.1","127.0.0.1","57668","34719","182","0x0018"
"1784064647.259294288","127.0.0.1","127.0.0.1","34719","57668","226","0x0018"
"1784064647.259622043","127.0.0.1","127.0.0.1","34719","57668","133","0x0018"
"1784064647.259682415","127.0.0.1","127.0.0.1","57668","34719","68","0x0010"
"1784064647.260879490","127.0.0.1","127.0.0.1","57668","34719","146","0x0018"
"1784064647.261129612","127.0.0.1","127.0.0.1","34719","57668","6370","0x0018"
"1784064647.261157188","127.0.0.1","127.0.0.1","57668","34719","110","0x0018"
"1784064647.266211789","127.0.0.1","127.0.0.1","57662","34719","1056","0x0018"
"1784064647.267616302","127.0.0.1","127.0.0.1","34719","57662","114","0x0018"
"1784064647.267636806","127.0.0.1","127.0.0.1","57662","34719","68","0x0010"
"1784064647.302710327","127.0.0.1","127.0.0.1","34719","57668","68","0x0010"
"1784064647.302721190","127.0.0.1","127.0.0.1","57668","34719","5338","0x0018"
"1784064647.302737732","127.0.0.1","127.0.0.1","34719","57668","68","0x0010"
"1784064647.304399548","127.0.0.1","127.0.0.1","34719","57668","2489","0x0018"
"1784064647.346914076","127.0.0.1","127.0.0.1","57668","34719","68","0x0010"
"1784064647.366753084","127.0.0.1","127.0.0.1","34719","57668","1703","0x0018"
"1784064647.366828376","127.0.0.1","127.0.0.1","57668","34719","68","0x0010"
"1784064647.368715671","127.0.0.1","127.0.0.1","57668","34719","110","0x0018"
"1784064647.409070775","127.0.0.1","127.0.0.1","57662","34719","342","0x0018"
"1784064647.410717237","127.0.0.1","127.0.0.1","34719","57668","68","0x0010"
"1784064647.410792908","127.0.0.1","127.0.0.1","34719","57662","175","0x0018"
"1784064647.410813204","127.0.0.1","127.0.0.1","57662","34719","68","0x0010"
"1784064647.414778963","127.0.0.1","127.0.0.1","57662","34719","345","0x0018"
"1784064647.416207175","127.0.0.1","127.0.0.1","34719","57662","326","0x0018"
"1784064647.418873168","127.0.0.1","127.0.0.1","57662","34719","542","0x0018"
"1784064647.420140177","127.0.0.1","127.0.0.1","34719","57662","282","0x0018"
"1784064647.421010289","127.0.0.1","127.0.0.1","57662","34719","548","0x0018"
"1784064647.422399094","127.0.0.1","127.0.0.1","34719","57662","403","0x0018"
"1784064647.425123453","127.0.0.1","127.0.0.1","57662","34719","841","0x0018"
"1784064647.426466067","127.0.0.1","127.0.0.1","34719","57662","387","0x0018"
"1784064647.427323005","127.0.0.1","127.0.0.1","57662","34719","850","0x0018"
"1784064647.428587052","127.0.0.1","127.0.0.1","34719","57662","407","0x0018"
"1784064647.470585589","127.0.0.1","127.0.0.1","57662","34719","68","0x0010"
"1784064647.497217015","127.0.0.1","127.0.0.1","57662","34719","136","0x0018"
"1784064647.498772149","127.0.0.1","127.0.0.1","34719","57662","92","0x0018"
"1784064647.498787980","127.0.0.1","127.0.0.1","57662","34719","68","0x0010"
"1784064647.562490252","127.0.0.1","127.0.0.1","34719","57668","111","0x0018"
"1784064647.563886417","127.0.0.1","127.0.0.1","57668","34719","110","0x0018"
"1784064647.563902640","127.0.0.1","127.0.0.1","34719","57668","68","0x0010"
"1784064647.577721956","127.0.0.1","127.0.0.1","57668","34719","899","0x0018"
"1784064647.577752533","127.0.0.1","127.0.0.1","34719","57668","68","0x0010"
"1784064647.579114451","127.0.0.1","127.0.0.1","34719","57668","206","0x0018"
"1784064647.580412884","127.0.0.1","127.0.0.1","57668","34719","146","0x0018"
"1784064647.585067019","127.0.0.1","127.0.0.1","34719","57668","226","0x0018"
"1784064647.585704911","127.0.0.1","127.0.0.1","34719","57668","96","0x0018"
"1784064647.585769145","127.0.0.1","127.0.0.1","57668","34719","68","0x0010"
"1784064647.586360193","127.0.0.1","127.0.0.1","57668","34719","146","0x0018"
"1784064647.587606474","127.0.0.1","127.0.0.1","34719","57668","695","0x0018"
"1784064647.588616935","127.0.0.1","127.0.0.1","57668","34719","146","0x0018"
"1784064647.634620310","127.0.0.1","127.0.0.1","34719","57668","68","0x0010"
"1784064647.993112105","127.0.0.1","127.0.0.1","57662","34719","294","0x0018"
"1784064647.993114401","127.0.0.1","127.0.0.1","57668","34719","189","0x0018"
"1784064647.993138563","127.0.0.1","127.0.0.1","34719","57668","68","0x0010"
"1784064647.994736138","127.0.0.1","127.0.0.1","34719","57668","112","0x0018"
"1784064647.994739326","127.0.0.1","127.0.0.1","34719","57662","1016","0x0018"
"1784064647.994757167","127.0.0.1","127.0.0.1","57662","34719","68","0x0010"
"1784064648.024168292","127.0.0.1","127.0.0.1","57662","34719","287","0x0018"
"1784064648.024168554","127.0.0.1","127.0.0.1","57668","34719","182","0x0018"
"1784064648.024578775","127.0.0.1","127.0.0.1","34719","57662","1002","0x0018"
"1784064648.025573124","127.0.0.1","127.0.0.1","34719","57668","112","0x0018"
"1784064648.056755335","127.0.0.1","127.0.0.1","57662","34719","277","0x0018"
"1784064648.056755465","127.0.0.1","127.0.0.1","57668","34719","172","0x0018"
"1784064648.058170282","127.0.0.1","127.0.0.1","34719","57668","112","0x0018"
"1784064648.058257606","127.0.0.1","127.0.0.1","34719","57662","982","0x0018"
"1784064648.090302739","127.0.0.1","127.0.0.1","57662","34719","238","0x0018"
"1784064648.090303004","127.0.0.1","127.0.0.1","57668","34719","175","0x0018"
"1784064648.090611345","127.0.0.1","127.0.0.1","34719","57668","112","0x0018"
"1784064648.091849317","127.0.0.1","127.0.0.1","34719","57662","906","0x0018"
"1784064648.092907005","127.0.0.1","127.0.0.1","57662","34719","280","0x0018"
"1784064648.094297745","127.0.0.1","127.0.0.1","34719","57662","988","0x0018"
"1784064648.134720219","127.0.0.1","127.0.0.1","57662","34719","68","0x0010"
"1784064648.134720384","127.0.0.1","127.0.0.1","57668","34719","68","0x0010"
"1784064648.385450686","127.0.0.1","127.0.0.1","57662","34719","112","0x0018"
"1784064648.386728588","127.0.0.1","127.0.0.1","34719","57662","92","0x0018"
"1784064648.386748260","127.0.0.1","127.0.0.1","57662","34719","68","0x0010"
"1784064648.676541753","127.0.0.1","127.0.0.1","57662","34719","87","0x0018"
"1784064648.718624184","127.0.0.1","127.0.0.1","34719","57662","68","0x0010"
"1784064648.812248398","127.0.0.1","127.0.0.1","57668","34719","87","0x0018"
"1784064648.854603984","127.0.0.1","127.0.0.1","34719","57668","68","0x0010"
"1784064649.020338505","127.0.0.1","127.0.0.1","34719","57662","83","0x0018"
"1784064649.020365055","127.0.0.1","127.0.0.1","57662","34719","68","0x0010"
"1784064767.615596308","172.18.203.227","185.125.190.57",,,"92",
"1784064767.830787736","127.0.0.1","127.0.0.1","34719","57662","234","0x0018"
"1784064767.830817792","127.0.0.1","127.0.0.1","57662","34719","68","0x0010"
"1784064767.832533373","127.0.0.1","127.0.0.1","57668","34719","269","0x0018"
"1784064767.832550035","127.0.0.1","127.0.0.1","34719","57668","68","0x0010"
"1784064767.834166592","127.0.0.1","127.0.0.1","34719","57668","155","0x0018"
"1784064767.834184060","127.0.0.1","127.0.0.1","57668","34719","68","0x0010"
"1784064767.835141988","127.0.0.1","127.0.0.1","57668","34719","110","0x0018"
"1784064767.873985690","127.0.0.1","127.0.0.1","34719","57668","83","0x0018"
"1784064767.875518376","185.125.190.57","172.18.203.227",,,"92",
"1784064649.477917406","127.0.0.1","127.0.0.1","57668","34719","68","0x0010"
"1784064649.911278831","127.0.0.1","127.0.0.1","57668","34719","128","0x0018"
"1784064649.912899977","127.0.0.1","127.0.0.1","34719","57668","106","0x0018"
"1784064649.912939263","127.0.0.1","127.0.0.1","57668","34719","68","0x0010"
"1784064650.091805415","127.0.0.1","127.0.0.1","57668","34719","507","0x0018"
"1784064650.093349406","127.0.0.1","127.0.0.1","34719","57668","142","0x0018"
"1784064650.093371068","127.0.0.1","127.0.0.1","57668","34719","68","0x0010"
"1784064651.386291370","127.0.0.1","127.0.0.1","57662","34719","112","0x0018"
"1784064651.386321471","127.0.0.1","127.0.0.1","34719","57662","68","0x0010"
"1784064651.387684898","127.0.0.1","127.0.0.1","34719","57662","92","0x0018"
"1784064651.387708898","127.0.0.1","127.0.0.1","57662","34719","68","0x0010"
"1784064652.383456306","127.0.0.1","127.0.0.1","57668","34719","87","0x0018"
"1784064652.425929661","127.0.0.1","127.0.0.1","34719","57668","68","0x0010"
"1784064654.032722972","127.0.0.1","127.0.0.1","34719","57662","83","0x0018"
"1784064654.032753512","127.0.0.1","127.0.0.1","57662","34719","68","0x0010"
"1784064772.618024396","172.18.203.227","185.125.190.57",,,"92",
"1784064772.823553937","127.0.0.1","127.0.0.1","57662","34719","125","0x0018"
"1784064772.824983045","127.0.0.1","127.0.0.1","34719","57662","92","0x0018"
"1784064772.825010643","127.0.0.1","127.0.0.1","57662","34719","68","0x0010"
"1784064772.875417127","127.0.0.1","127.0.0.1","34719","57668","83","0x0018"
"1784064772.875445042","127.0.0.1","127.0.0.1","57668","34719","68","0x0010"
"1784064772.883200170","185.125.190.57","172.18.203.227",,,"92",
"1784064655.375423200","127.0.0.1","127.0.0.1","57668","34719","87","0x0018"
"1784064655.375447288","127.0.0.1","127.0.0.1","34719","57668","68","0x0010"
"1784064655.570031810","4.150.223.111","172.18.203.227","443","37180","68","0x0010"
"1784064655.570055454","172.18.203.227","4.150.223.111","37180","443","68","0x0010"
"1784064657.375233033","127.0.0.1","127.0.0.1","57662","34719","112","0x0018"
"1784064657.376508793","127.0.0.1","127.0.0.1","34719","57662","92","0x0018"
"1784064657.376529300","127.0.0.1","127.0.0.1","57662","34719","68","0x0010"
"1784064659.031920551","127.0.0.1","127.0.0.1","34719","57662","83","0x0018"
"1784064659.031947432","127.0.0.1","127.0.0.1","57662","34719","68","0x0010"
"1784064777.629050235","172.18.203.227","185.125.190.57",,,"92",
"1784064777.875733935","127.0.0.1","127.0.0.1","34719","57668","83","0x0018"
"1784064777.875762734","127.0.0.1","127.0.0.1","57668","34719","68","0x0010"
"1784064777.891157390","185.125.190.57","172.18.203.227",,,"92",
"1784064659.474411484","127.0.0.1","127.0.0.1","34719","57662","234","0x0018"
"1784064659.474435509","127.0.0.1","127.0.0.1","57662","34719","68","0x0010"
"1784064659.725346858","127.0.0.1","127.0.0.1","57662","34719","87","0x0018"
"1784064659.733661180","127.0.0.1","127.0.0.1","57668","34719","394","0x0018"
"1784064659.733708500","127.0.0.1","127.0.0.1","34719","57668","68","0x0010"
"1784064659.735057452","127.0.0.1","127.0.0.1","34719","57668","229","0x0018"
"1784064659.735124947","127.0.0.1","127.0.0.1","57668","34719","68","0x0010"
"1784064659.742629900","127.0.0.1","127.0.0.1","57668","34719","127","0x0018"
"1784064659.744048766","127.0.0.1","127.0.0.1","34719","57668","376","0x0018"
"1784064659.744069135","127.0.0.1","127.0.0.1","57668","34719","110","0x0018"
"1784064659.765858691","127.0.0.1","127.0.0.1","34719","57662","68","0x0010"
"1784064659.765869017","127.0.0.1","127.0.0.1","57662","34719","784","0x0018"
"1784064659.765877576","127.0.0.1","127.0.0.1","34719","57662","68","0x0010"
"1784064659.767461987","127.0.0.1","127.0.0.1","34719","57662","288","0x0018"
"1784064659.767505345","127.0.0.1","127.0.0.1","57662","34719","68","0x0010"
"1784064659.769344016","127.0.0.1","127.0.0.1","57662","34719","345","0x0018"
"1784064659.770768390","127.0.0.1","127.0.0.1","34719","57662","326","0x0018"
"1784064659.771368301","127.0.0.1","127.0.0.1","34719","57668","226","0x0018"
"1784064659.771392029","127.0.0.1","127.0.0.1","57668","34719","182","0x0018"
"1784064659.771963976","127.0.0.1","127.0.0.1","34719","57668","133","0x0018"
"1784064659.773180317","127.0.0.1","127.0.0.1","34719","57668","6311","0x0018"
"1784064659.773221682","127.0.0.1","127.0.0.1","57668","34719","68","0x0010"
"1784064659.774154824","127.0.0.1","127.0.0.1","57662","34719","542","0x0018"
"1784064659.774634014","127.0.0.1","127.0.0.1","57668","34719","146","0x0018"
"1784064659.775540822","127.0.0.1","127.0.0.1","34719","57662","282","0x0018"
"1784064659.775556498","127.0.0.1","127.0.0.1","57662","34719","1056","0x0018"
"1784064659.776891141","127.0.0.1","127.0.0.1","34719","57662","114","0x0018"
"1784064659.776908225","127.0.0.1","127.0.0.1","57662","34719","548","0x0018"
"1784064659.778368760","127.0.0.1","127.0.0.1","34719","57662","403","0x0018"
"1784064659.782425687","127.0.0.1","127.0.0.1","57662","34719","841","0x0018"
"1784064659.782798250","127.0.0.1","127.0.0.1","34719","57662","387","0x0018"
"1784064659.783899205","127.0.0.1","127.0.0.1","57662","34719","850","0x0018"
"1784064659.785256795","127.0.0.1","127.0.0.1","34719","57662","407","0x0018"
"1784064659.817825906","127.0.0.1","127.0.0.1","34719","57668","68","0x0010"
"1784064659.817838219","127.0.0.1","127.0.0.1","57668","34719","5344","0x0018"
"1784064659.817844995","127.0.0.1","127.0.0.1","34719","57668","68","0x0010"
"1784064659.819888094","127.0.0.1","127.0.0.1","34719","57668","2489","0x0018"
"1784064659.829848951","127.0.0.1","127.0.0.1","57662","34719","68","0x0010"
"1784064659.861888436","127.0.0.1","127.0.0.1","57668","34719","68","0x0010"
"1784064659.875386404","127.0.0.1","127.0.0.1","34719","57668","1703","0x0018"
"1784064659.875454187","127.0.0.1","127.0.0.1","57668","34719","68","0x0010"
"1784064659.876804241","127.0.0.1","127.0.0.1","57668","34719","110","0x0018"
"1784064659.917850563","127.0.0.1","127.0.0.1","34719","57668","68","0x0010"
"1784064659.919997075","127.0.0.1","127.0.0.1","57668","34719","507","0x0018"
"1784064659.920023759","127.0.0.1","127.0.0.1","34719","57668","68","0x0010"
"1784064659.921494405","127.0.0.1","127.0.0.1","34719","57668","142","0x0018"
"1784064659.961859351","127.0.0.1","127.0.0.1","57668","34719","68","0x0010"
"1784064659.970829686","127.0.0.1","127.0.0.1","57668","34719","195","0x0018"
"1784064659.970930793","127.0.0.1","127.0.0.1","57662","34719","232","0x0018"
"1784064659.972249601","127.0.0.1","127.0.0.1","34719","57668","112","0x0018"
"1784064659.972313696","127.0.0.1","127.0.0.1","57668","34719","68","0x0010"
"1784064659.972580811","127.0.0.1","127.0.0.1","34719","57662","894","0x0018"
"1784064659.972598157","127.0.0.1","127.0.0.1","57662","34719","68","0x0010"
"1784064659.975120626","127.0.0.1","127.0.0.1","57662","34719","243","0x0018"
"1784064659.976572854","127.0.0.1","127.0.0.1","34719","57662","916","0x0018"
"1784064659.977999035","127.0.0.1","127.0.0.1","57662","34719","260","0x0018"
"1784064659.979455168","127.0.0.1","127.0.0.1","34719","57662","948","0x0018"
"1784064659.980482716","127.0.0.1","127.0.0.1","57662","34719","260","0x0018"
"1784064659.981843047","127.0.0.1","127.0.0.1","34719","57662","948","0x0018"
"1784064659.983091351","127.0.0.1","127.0.0.1","57662","34719","300","0x0018"
"1784064659.984647071","127.0.0.1","127.0.0.1","34719","57662","1028","0x0018"
"1784064659.999720385","127.0.0.1","127.0.0.1","57668","34719","146","0x0018"
"1784064659.999720624","127.0.0.1","127.0.0.1","57662","34719","250","0x0018"
"1784064660.001122400","127.0.0.1","127.0.0.1","34719","57668","112","0x0018"
"1784064660.001245602","127.0.0.1","127.0.0.1","34719","57662","930","0x0018"
"1784064660.033104267","127.0.0.1","127.0.0.1","57662","34719","236","0x0018"
"1784064660.033104548","127.0.0.1","127.0.0.1","57668","34719","181","0x0018"
"1784064660.034462571","127.0.0.1","127.0.0.1","34719","57668","112","0x0018"
"1784064660.034689882","127.0.0.1","127.0.0.1","34719","57662","902","0x0018"
"1784064660.036068875","127.0.0.1","127.0.0.1","57662","34719","235","0x0018"
"1784064660.037445083","127.0.0.1","127.0.0.1","34719","57662","900","0x0018"
"1784064660.038665174","127.0.0.1","127.0.0.1","57662","34719","286","0x0018"
"1784064660.040273123","127.0.0.1","127.0.0.1","34719","57662","1000","0x0018"
"1784064660.070036566","127.0.0.1","127.0.0.1","57668","34719","168","0x0018"
"1784064660.070036729","127.0.0.1","127.0.0.1","57662","34719","273","0x0018"
"1784064660.071445288","127.0.0.1","127.0.0.1","34719","57668","112","0x0018"
"1784064660.071583352","127.0.0.1","127.0.0.1","34719","57662","974","0x0018"
"1784064660.074772181","127.0.0.1","127.0.0.1","34719","57668","111","0x0018"
"1784064660.074822680","127.0.0.1","127.0.0.1","57668","34719","68","0x0010"
"1784064660.075786678","127.0.0.1","127.0.0.1","57668","34719","110","0x0018"
"1784064660.103280691","127.0.0.1","127.0.0.1","57662","34719","231","0x0018"
"1784064660.104022280","127.0.0.1","127.0.0.1","34719","57662","892","0x0018"
"1784064660.117851909","127.0.0.1","127.0.0.1","34719","57668","68","0x0010"
"1784064660.117861448","127.0.0.1","127.0.0.1","57668","34719","958","0x0018"
"1784064660.117879924","127.0.0.1","127.0.0.1","34719","57668","68","0x0010"
"1784064660.119363890","127.0.0.1","127.0.0.1","34719","57668","248","0x0018"
"1784064660.120511864","127.0.0.1","127.0.0.1","57668","34719","146","0x0018"
"1784064660.125396504","127.0.0.1","127.0.0.1","34719","57668","252","0x0018"
"1784064660.126647525","127.0.0.1","127.0.0.1","57668","34719","146","0x0018"
"1784064660.127920090","127.0.0.1","127.0.0.1","34719","57668","695","0x0018"
"1784064660.129028510","127.0.0.1","127.0.0.1","57668","34719","146","0x0018"
"1784064660.135962261","127.0.0.1","127.0.0.1","57662","34719","283","0x0018"
"1784064660.137621302","127.0.0.1","127.0.0.1","34719","57662","994","0x0018"
"1784064660.169879093","127.0.0.1","127.0.0.1","34719","57668","68","0x0010"
"1784064660.169891118","127.0.0.1","127.0.0.1","57668","34719","178","0x0018"
"1784064660.169961981","127.0.0.1","127.0.0.1","34719","57668","68","0x0010"
"1784064660.171362228","127.0.0.1","127.0.0.1","34719","57668","112","0x0018"
"1784064660.177846556","127.0.0.1","127.0.0.1","57662","34719","68","0x0010"
"1784064660.199395677","127.0.0.1","127.0.0.1","57662","34719","289","0x0018"
"1784064660.199395861","127.0.0.1","127.0.0.1","57668","34719","184","0x0018"
"1784064660.199791804","127.0.0.1","127.0.0.1","34719","57662","1006","0x0018"
"1784064660.199832445","127.0.0.1","127.0.0.1","57662","34719","68","0x0010"
"1784064660.200737185","127.0.0.1","127.0.0.1","34719","57668","112","0x0018"
"1784064660.237062258","127.0.0.1","127.0.0.1","57662","34719","601","0x0018"
"1784064660.237063048","127.0.0.1","127.0.0.1","57668","34719","229","0x0018"
"1784064660.238169182","127.0.0.1","127.0.0.1","34719","57668","332","0x0018"
"1784064660.238680655","127.0.0.1","127.0.0.1","34719","57662","92","0x0018"
"1784064660.241185562","127.0.0.1","127.0.0.1","57668","34719","146","0x0018"
"1784064660.245437548","127.0.0.1","127.0.0.1","34719","57668","88","0x0018"
"1784064660.281822501","127.0.0.1","127.0.0.1","57662","34719","68","0x0010"
"1784064660.285812808","127.0.0.1","127.0.0.1","57668","34719","68","0x0010"
"1784064661.936779131","127.0.0.1","127.0.0.1","57668","34719","130","0x0018"
"1784064661.938156913","127.0.0.1","127.0.0.1","34719","57668","106","0x0018"
"1784064661.938177148","127.0.0.1","127.0.0.1","57668","34719","68","0x0010"
"1784064662.248784003","127.0.0.1","127.0.0.1","57662","34719","87","0x0018"
"1784064662.249695406","172.18.203.227","4.150.223.111","37180","443","2524","0x0018"
"1784064662.249706247","172.18.203.227","4.150.223.111","37180","443","120","0x0018"
"1784064662.254402900","4.150.223.111","172.18.203.227","443","37180","68","0x0010"
"1784064662.254403006","4.150.223.111","172.18.203.227","443","37180","68","0x0010"
"1784064662.254403024","4.150.223.111","172.18.203.227","443","37180","68","0x0010"
"1784064662.289829230","127.0.0.1","127.0.0.1","34719","57662","68","0x0010"
"1784064662.433543215","127.0.0.1","127.0.0.1","57662","34719","601","0x0018"
"1784064662.433567426","127.0.0.1","127.0.0.1","34719","57662","68","0x0010"
"1784064662.435117933","127.0.0.1","127.0.0.1","34719","57662","92","0x0018"
"1784064662.435138124","127.0.0.1","127.0.0.1","57662","34719","68","0x0010"
"1784064662.621606088","127.0.0.1","127.0.0.1","57668","34719","209","0x0018"
"1784064662.621606549","127.0.0.1","127.0.0.1","57662","34719","241","0x0018"
"1784064662.623187372","127.0.0.1","127.0.0.1","34719","57662","159","0x0018"
"1784064662.623205629","127.0.0.1","127.0.0.1","57662","34719","68","0x0010"
"1784064662.623217745","127.0.0.1","127.0.0.1","34719","57668","112","0x0018"
"1784064662.623235721","127.0.0.1","127.0.0.1","57668","34719","68","0x0010"
"1784064662.656188194","127.0.0.1","127.0.0.1","57668","34719","147","0x0018"
"1784064662.656188363","127.0.0.1","127.0.0.1","57662","34719","247","0x0018"
"1784064662.657590437","127.0.0.1","127.0.0.1","34719","57668","112","0x0018"
"1784064662.657756582","127.0.0.1","127.0.0.1","34719","57662","924","0x0018"
"1784064662.688758383","127.0.0.1","127.0.0.1","57668","34719","135","0x0018"
"1784064662.688834267","127.0.0.1","127.0.0.1","57662","34719","239","0x0018"
"1784064662.690259841","127.0.0.1","127.0.0.1","34719","57668","112","0x0018"
"1784064662.690431382","127.0.0.1","127.0.0.1","34719","57662","908","0x0018"
"1784064662.733813903","127.0.0.1","127.0.0.1","57662","34719","68","0x0010"
"1784064662.733834933","127.0.0.1","127.0.0.1","57668","34719","68","0x0010"
"1784064662.803688808","127.0.0.1","127.0.0.1","57668","34719","186","0x0018"
"1784064662.805030879","127.0.0.1","127.0.0.1","34719","57668","142","0x0018"
"1784064662.805091373","127.0.0.1","127.0.0.1","57668","34719","68","0x0010"
"1784064663.008259857","4.150.223.111","172.18.203.227","443","37180","167","0x0018"
"1784064663.008346423","172.18.203.227","4.150.223.111","37180","443","68","0x0010"
"1784064663.202427836","127.0.0.1","127.0.0.1","57668","34719","183","0x0018"
"1784064663.202612073","127.0.0.1","127.0.0.1","57662","34719","230","0x0018"
"1784064663.203905537","127.0.0.1","127.0.0.1","34719","57668","112","0x0018"
"1784064663.203923833","127.0.0.1","127.0.0.1","57668","34719","68","0x0010"
"1784064663.204171797","127.0.0.1","127.0.0.1","34719","57662","890","0x0018"
"1784064663.204186820","127.0.0.1","127.0.0.1","57662","34719","68","0x0010"
"1784064663.205548990","127.0.0.1","127.0.0.1","57662","34719","288","0x0018"
"1784064663.207115724","127.0.0.1","127.0.0.1","34719","57662","1004","0x0018"
"1784064663.208130642","127.0.0.1","127.0.0.1","57662","34719","235","0x0018"
"1784064663.209465788","127.0.0.1","127.0.0.1","34719","57662","900","0x0018"
"1784064663.210903406","127.0.0.1","127.0.0.1","57662","34719","223","0x0018"
"1784064663.212266864","127.0.0.1","127.0.0.1","34719","57662","876","0x0018"
"1784064663.213248290","127.0.0.1","127.0.0.1","57662","34719","229","0x0018"
"1784064663.214480036","127.0.0.1","127.0.0.1","34719","57662","175","0x0018"
"1784064663.257913966","127.0.0.1","127.0.0.1","57662","34719","68","0x0010"
"1784064663.310118653","127.0.0.1","127.0.0.1","57662","34719","601","0x0018"
"1784064663.312817749","127.0.0.1","127.0.0.1","34719","57662","92","0x0018"
"1784064663.312875355","127.0.0.1","127.0.0.1","57662","34719","68","0x0010"
"1784064663.698557652","127.0.0.1","127.0.0.1","57662","34719","87","0x0018"
"1784064663.742063782","127.0.0.1","127.0.0.1","34719","57662","68","0x0010"
"1784064663.823127471","127.0.0.1","127.0.0.1","57668","34719","87","0x0018"
"1784064663.869837338","127.0.0.1","127.0.0.1","34719","57668","68","0x0010"
"1784064664.034625670","127.0.0.1","127.0.0.1","34719","57662","83","0x0018"
"1784064664.034748644","127.0.0.1","127.0.0.1","57662","34719","68","0x0010"
"1784064782.642722442","172.18.203.227","185.125.190.57",,,"92",
"1784064782.781023123","127.0.0.1","127.0.0.1","34719","57662","234","0x0018"
"1784064782.781099095","127.0.0.1","127.0.0.1","57662","34719","68","0x0010"
"1784064782.785984553","127.0.0.1","127.0.0.1","57668","34719","269","0x0018"
"1784064782.786042575","127.0.0.1","127.0.0.1","34719","57668","68","0x0010"
"1784064782.788189876","127.0.0.1","127.0.0.1","34719","57668","155","0x0018"
"1784064782.788215673","127.0.0.1","127.0.0.1","57668","34719","68","0x0010"
"1784064782.789930325","127.0.0.1","127.0.0.1","57668","34719","110","0x0018"
"1784064782.830570375","127.0.0.1","127.0.0.1","34719","57668","68","0x0010"
"1784064782.875244522","127.0.0.1","127.0.0.1","34719","57668","83","0x0018"
"1784064782.895034572","185.125.190.57","172.18.203.227",,,"92",
"1784064664.471870213","127.0.0.1","127.0.0.1","57668","34719","68","0x0010"
"1784064664.771357496","127.0.0.1","127.0.0.1","34719","57668","340","0x0018"
"1784064664.771388711","127.0.0.1","127.0.0.1","57668","34719","68","0x0010"
"1784064664.773079986","127.0.0.1","127.0.0.1","57668","34719","182","0x0018"
"1784064664.773086508","127.0.0.1","127.0.0.1","34719","57668","68","0x0010"
"1784064664.787492909","127.0.0.1","127.0.0.1","34719","57668","226","0x0018"
"1784064664.788969472","127.0.0.1","127.0.0.1","57668","34719","146","0x0018"
"1784064664.789670368","127.0.0.1","127.0.0.1","34719","57668","6375","0x0018"
"1784064664.791275352","127.0.0.1","127.0.0.1","57668","34719","724","0x0018"
"1784064664.791347478","127.0.0.1","127.0.0.1","57662","34719","1056","0x0018"
"1784064664.791364515","127.0.0.1","127.0.0.1","34719","57662","68","0x0010"
"1784064664.792831185","127.0.0.1","127.0.0.1","34719","57662","114","0x0018"
"1784064664.792846160","127.0.0.1","127.0.0.1","57662","34719","68","0x0010"
"1784064664.835841771","127.0.0.1","127.0.0.1","34719","57668","68","0x0010"
"1784064664.835862618","127.0.0.1","127.0.0.1","57668","34719","4682","0x0018"
"1784064664.835901291","127.0.0.1","127.0.0.1","34719","57668","68","0x0010"
"1784064664.837773552","127.0.0.1","127.0.0.1","34719","57668","2489","0x0018"
"1784064664.879860640","127.0.0.1","127.0.0.1","57668","34719","68","0x0010"
"1784064664.893090401","127.0.0.1","127.0.0.1","34719","57668","1703","0x0018"
"1784064664.893143025","127.0.0.1","127.0.0.1","57668","34719","68","0x0010"
"1784064664.895321664","127.0.0.1","127.0.0.1","57668","34719","110","0x0018"
"1784064664.935822708","127.0.0.1","127.0.0.1","34719","57668","68","0x0010"
"1784064665.091254004","127.0.0.1","127.0.0.1","34719","57668","111","0x0018"
"1784064665.092723259","127.0.0.1","127.0.0.1","57668","34719","110","0x0018"
"1784064665.092747400","127.0.0.1","127.0.0.1","34719","57668","68","0x0010"
"1784064665.096626393","127.0.0.1","127.0.0.1","57668","34719","899","0x0018"
"1784064665.096642472","127.0.0.1","127.0.0.1","34719","57668","68","0x0010"
"1784064665.098064931","127.0.0.1","127.0.0.1","34719","57668","206","0x0018"
"1784064665.099177149","127.0.0.1","127.0.0.1","57668","34719","146","0x0018"
"1784064665.103873065","127.0.0.1","127.0.0.1","34719","57668","252","0x0018"
"1784064665.105111282","127.0.0.1","127.0.0.1","57668","34719","146","0x0018"
"1784064665.105219041","127.0.0.1","127.0.0.1","34719","57668","695","0x0018"
"1784064665.106255690","127.0.0.1","127.0.0.1","57668","34719","146","0x0018"
"1784064665.147809819","127.0.0.1","127.0.0.1","34719","57668","68","0x0010"
"1784064666.810110599","127.0.0.1","127.0.0.1","57662","34719","87","0x0018"
"1784064666.852043985","127.0.0.1","127.0.0.1","34719","57662","68","0x0010"
"1784064667.113559604","127.0.0.1","127.0.0.1","34719","57668","83","0x0018"
"1784064667.156002095","127.0.0.1","127.0.0.1","57668","34719","68","0x0010"
"1784064668.680724546","127.0.0.1","127.0.0.1","57662","34719","87","0x0018"
"1784064668.680760131","127.0.0.1","127.0.0.1","34719","57662","68","0x0010"
"1784064668.818840298","127.0.0.1","127.0.0.1","57668","34719","87","0x0018"
"1784064668.818862124","127.0.0.1","127.0.0.1","34719","57668","68","0x0010"
"1784064669.024956411","127.0.0.1","127.0.0.1","34719","57662","83","0x0018"
"1784064669.025034600","127.0.0.1","127.0.0.1","57662","34719","68","0x0010"
"1784064787.651145942","172.18.203.227","185.125.190.57",,,"92",
"1784064787.875338751","127.0.0.1","127.0.0.1","34719","57668","83","0x0018"
"1784064787.875359268","127.0.0.1","127.0.0.1","57668","34719","68","0x0010"
"1784064787.895335710","127.0.0.1","127.0.0.1","34719","57662","234","0x0018"
"1784064787.895361298","127.0.0.1","127.0.0.1","57662","34719","68","0x0010"
"1784064787.897129146","127.0.0.1","127.0.0.1","57668","34719","269","0x0018"
"1784064787.897145634","127.0.0.1","127.0.0.1","34719","57668","68","0x0010"
"1784064787.898908798","127.0.0.1","127.0.0.1","34719","57668","155","0x0018"
"1784064787.899866107","127.0.0.1","127.0.0.1","57668","34719","110","0x0018"
"1784064787.916042793","185.125.190.57","172.18.203.227",,,"92",
"1784064669.505520666","127.0.0.1","127.0.0.1","34719","57668","68","0x0010"
"1784064669.805842760","127.0.0.1","127.0.0.1","34719","57668","340","0x0018"
"1784064669.807537311","127.0.0.1","127.0.0.1","57668","34719","182","0x0018"
"1784064669.807544256","127.0.0.1","127.0.0.1","34719","57668","68","0x0010"
"1784064669.821150084","127.0.0.1","127.0.0.1","34719","57668","226","0x0018"
"1784064669.823041762","127.0.0.1","127.0.0.1","34719","57668","6373","0x0018"
"1784064669.823041970","127.0.0.1","127.0.0.1","57668","34719","146","0x0018"
"1784064669.824837569","127.0.0.1","127.0.0.1","57662","34719","1056","0x0018"
"1784064669.824852474","127.0.0.1","127.0.0.1","34719","57662","68","0x0010"
"1784064669.826321306","127.0.0.1","127.0.0.1","34719","57662","114","0x0018"
"1784064669.826341115","127.0.0.1","127.0.0.1","57662","34719","68","0x0010"
"1784064669.865440230","127.0.0.1","127.0.0.1","57668","34719","68","0x0010"
"1784064669.865502011","127.0.0.1","127.0.0.1","34719","57668","68","0x0010"
"1784064669.865523928","127.0.0.1","127.0.0.1","57668","34719","5338","0x0018"
"1784064669.865539456","127.0.0.1","127.0.0.1","34719","57668","68","0x0010"
"1784064669.866639298","127.0.0.1","127.0.0.1","34719","57668","2489","0x0018"
"1784064669.866803648","127.0.0.1","127.0.0.1","57668","34719","68","0x0010"
"1784064669.929353960","127.0.0.1","127.0.0.1","34719","57668","1703","0x0018"
"1784064669.929414337","127.0.0.1","127.0.0.1","57668","34719","68","0x0010"
"1784064669.931125269","127.0.0.1","127.0.0.1","57668","34719","110","0x0018"
"1784064669.973627430","127.0.0.1","127.0.0.1","34719","57668","68","0x0010"
"1784064670.124733885","127.0.0.1","127.0.0.1","34719","57668","111","0x0018"
"1784064670.126183011","127.0.0.1","127.0.0.1","57668","34719","110","0x0018"
"1784064670.126200068","127.0.0.1","127.0.0.1","34719","57668","68","0x0010"
"1784064670.132552072","127.0.0.1","127.0.0.1","57668","34719","899","0x0018"
"1784064670.132574846","127.0.0.1","127.0.0.1","34719","57668","68","0x0010"
"1784064670.134076230","127.0.0.1","127.0.0.1","34719","57668","206","0x0018"
"1784064670.135320267","127.0.0.1","127.0.0.1","57668","34719","146","0x0018"
"1784064670.139917896","127.0.0.1","127.0.0.1","34719","57668","252","0x0018"
"1784064670.141032189","127.0.0.1","127.0.0.1","57668","34719","146","0x0018"
"1784064670.142282541","127.0.0.1","127.0.0.1","34719","57668","695","0x0018"
"1784064670.143436025","127.0.0.1","127.0.0.1","57668","34719","146","0x0018"
"1784064670.185497561","127.0.0.1","127.0.0.1","34719","57668","68","0x0010"
"1784064671.845737862","127.0.0.1","127.0.0.1","57662","34719","87","0x0018"
"1784064671.889612504","127.0.0.1","127.0.0.1","34719","57662","68","0x0010"
"1784064672.150060944","127.0.0.1","127.0.0.1","34719","57668","83","0x0018"
"1784064672.193657262","127.0.0.1","127.0.0.1","57668","34719","68","0x0010"
"1784064673.693316846","127.0.0.1","127.0.0.1","57662","34719","87","0x0018"
"1784064673.693528122","127.0.0.1","127.0.0.1","34719","57662","68","0x0010"
"1784064673.818922419","127.0.0.1","127.0.0.1","57668","34719","87","0x0018"
"1784064673.819012855","127.0.0.1","127.0.0.1","34719","57668","68","0x0010"
"1784064674.034395920","127.0.0.1","127.0.0.1","34719","57662","83","0x0018"
"1784064674.034418551","127.0.0.1","127.0.0.1","57662","34719","68","0x0010"
"1784064792.653484903","172.18.203.227","185.125.190.57",,,"92",
"1784064792.760401213","127.0.0.1","127.0.0.1","34719","57662","234","0x0018"
"1784064792.760469805","127.0.0.1","127.0.0.1","57662","34719","68","0x0010"
"1784064792.764947703","127.0.0.1","127.0.0.1","57668","34719","269","0x0018"
"1784064792.764980083","127.0.0.1","127.0.0.1","34719","57668","68","0x0010"
"1784064792.766964516","127.0.0.1","127.0.0.1","34719","57668","155","0x0018"
"1784064792.766985748","127.0.0.1","127.0.0.1","57668","34719","68","0x0010"
"1784064792.768366199","127.0.0.1","127.0.0.1","57668","34719","110","0x0018"
"1784064792.810696723","127.0.0.1","127.0.0.1","34719","57668","68","0x0010"
"1784064792.875386854","127.0.0.1","127.0.0.1","34719","57668","83","0x0018"
"1784064792.903533897","185.125.190.57","172.18.203.227",,,"92",
"1784064674.471949570","127.0.0.1","127.0.0.1","57668","34719","68","0x0010"
"1784064674.822903617","127.0.0.1","127.0.0.1","34719","57668","340","0x0018"
"1784064674.822925487","127.0.0.1","127.0.0.1","57668","34719","68","0x0010"
"1784064674.824718977","127.0.0.1","127.0.0.1","57668","34719","182","0x0018"
"1784064674.824724586","127.0.0.1","127.0.0.1","34719","57668","68","0x0010"
"1784064674.839039978","127.0.0.1","127.0.0.1","34719","57668","226","0x0018"
"1784064674.840558137","127.0.0.1","127.0.0.1","57668","34719","146","0x0018"
"1784064674.840620063","127.0.0.1","127.0.0.1","34719","57668","6374","0x0018"
"1784064674.842087592","127.0.0.1","127.0.0.1","57668","34719","724","0x0018"
"1784064674.842129854","127.0.0.1","127.0.0.1","57662","34719","1056","0x0018"
"1784064674.842144312","127.0.0.1","127.0.0.1","34719","57662","68","0x0010"
"1784064674.843815378","127.0.0.1","127.0.0.1","34719","57662","114","0x0018"
"1784064674.843835449","127.0.0.1","127.0.0.1","57662","34719","68","0x0010"
"1784064674.883947537","127.0.0.1","127.0.0.1","34719","57668","68","0x0010"
"1784064674.883968646","127.0.0.1","127.0.0.1","57668","34719","4682","0x0018"
"1784064674.884001140","127.0.0.1","127.0.0.1","34719","57668","68","0x0010"
"1784064674.886306655","127.0.0.1","127.0.0.1","34719","57668","2489","0x0018"
"1784064674.927957001","127.0.0.1","127.0.0.1","57668","34719","68","0x0010"
"1784064674.947664060","127.0.0.1","127.0.0.1","34719","57668","1703","0x0018"
"1784064674.947762749","127.0.0.1","127.0.0.1","57668","34719","68","0x0010"
"1784064674.949681064","127.0.0.1","127.0.0.1","57668","34719","110","0x0018"
"1784064674.991994169","127.0.0.1","127.0.0.1","34719","57668","68","0x0010"
"1784064675.141412027","127.0.0.1","127.0.0.1","34719","57668","111","0x0018"
"1784064675.142914966","127.0.0.1","127.0.0.1","57668","34719","110","0x0018"
"1784064675.142933209","127.0.0.1","127.0.0.1","34719","57668","68","0x0010"
"1784064675.157853675","127.0.0.1","127.0.0.1","57668","34719","899","0x0018"
"1784064675.157881649","127.0.0.1","127.0.0.1","34719","57668","68","0x0010"
"1784064675.159312471","127.0.0.1","127.0.0.1","34719","57668","206","0x0018"
"1784064675.160608675","127.0.0.1","127.0.0.1","57668","34719","146","0x0018"
"1784064675.166050465","127.0.0.1","127.0.0.1","34719","57668","252","0x0018"
"1784064675.166837727","127.0.0.1","127.0.0.1","34719","57668","695","0x0018"
"1784064675.166908977","127.0.0.1","127.0.0.1","57668","34719","68","0x0010"
"1784064675.167367204","127.0.0.1","127.0.0.1","57668","34719","146","0x0018"
"1784064675.207936289","127.0.0.1","127.0.0.1","34719","57668","68","0x0010"
"1784064675.207965281","127.0.0.1","127.0.0.1","57668","34719","146","0x0018"
"1784064675.208016987","127.0.0.1","127.0.0.1","34719","57668","68","0x0010"
"1784064794.647677828","172.18.203.227","185.125.190.57",,,"92",
"1784064794.770279834","127.0.0.1","127.0.0.1","34719","57668","83","0x0018"
"1784064794.793924132","127.0.0.1","127.0.0.1","34719","57662","234","0x0018"
"1784064794.793990386","127.0.0.1","127.0.0.1","57662","34719","68","0x0010"
"1784064794.798809767","127.0.0.1","127.0.0.1","57668","34719","269","0x0018"
"1784064794.798848847","127.0.0.1","127.0.0.1","34719","57668","68","0x0010"
"1784064794.800729651","127.0.0.1","127.0.0.1","34719","57668","155","0x0018"
"1784064794.802288486","127.0.0.1","127.0.0.1","57668","34719","110","0x0018"
"1784064794.845185458","127.0.0.1","127.0.0.1","34719","57668","68","0x0010"
"1784064794.918030105","185.125.190.57","172.18.203.227",,,"92",
"1784064677.072713306","4.150.223.111","172.18.203.227","443","37180","68","0x0010"
"1784064677.072768454","172.18.203.227","4.150.223.111","37180","443","68","0x0010"
"1784064678.374636595","127.0.0.1","127.0.0.1","57662","34719","87","0x0018"
"1784064678.418698243","127.0.0.1","127.0.0.1","34719","57662","68","0x0010"
"1784064678.687583950","127.0.0.1","127.0.0.1","57662","34719","87","0x0018"
"1784064678.687657599","127.0.0.1","127.0.0.1","34719","57662","68","0x0010"
"1784064678.813289464","127.0.0.1","127.0.0.1","57668","34719","87","0x0018"
"1784064678.813321400","127.0.0.1","127.0.0.1","34719","57668","68","0x0010"
"1784064679.031773360","127.0.0.1","127.0.0.1","34719","57662","83","0x0018"
"1784064679.031977483","127.0.0.1","127.0.0.1","57662","34719","68","0x0010"
"1784064797.658455867","172.18.203.227","185.125.190.57",,,"92",
"1784064797.876248159","127.0.0.1","127.0.0.1","34719","57668","83","0x0018"
"1784064797.918244896","127.0.0.1","127.0.0.1","57668","34719","68","0x0010"
"1784064797.924198599","185.125.190.57","172.18.203.227",,,"92",
"1784064679.856627362","127.0.0.1","127.0.0.1","34719","57668","340","0x0018"
"1784064679.856654365","127.0.0.1","127.0.0.1","57668","34719","68","0x0010"
"1784064679.858637620","127.0.0.1","127.0.0.1","57668","34719","182","0x0018"
"1784064679.858644183","127.0.0.1","127.0.0.1","34719","57668","68","0x0010"
"1784064679.872763226","127.0.0.1","127.0.0.1","34719","57668","226","0x0018"
"1784064679.874080187","127.0.0.1","127.0.0.1","57668","34719","146","0x0018"
"1784064679.874121291","127.0.0.1","127.0.0.1","34719","57668","6374","0x0018"
"1784064679.875652988","127.0.0.1","127.0.0.1","57668","34719","5338","0x0018"
"1784064679.875719689","127.0.0.1","127.0.0.1","57662","34719","1056","0x0018"
"1784064679.875735375","127.0.0.1","127.0.0.1","34719","57662","68","0x0010"
"1784064679.877164628","127.0.0.1","127.0.0.1","34719","57668","2489","0x0018"
"1784064679.877242506","127.0.0.1","127.0.0.1","34719","57662","114","0x0018"
"1784064679.877258897","127.0.0.1","127.0.0.1","57662","34719","68","0x0010"
"1784064679.921092612","127.0.0.1","127.0.0.1","57668","34719","68","0x0010"
"1784064679.979583042","127.0.0.1","127.0.0.1","34719","57668","1703","0x0018"
"1784064679.979696425","127.0.0.1","127.0.0.1","57668","34719","68","0x0010"
"1784064679.984588367","127.0.0.1","127.0.0.1","57668","34719","110","0x0018"
"1784064680.025057548","127.0.0.1","127.0.0.1","34719","57668","68","0x0010"
"1784064680.176291355","127.0.0.1","127.0.0.1","34719","57668","111","0x0018"
"1784064680.177538042","127.0.0.1","127.0.0.1","57668","34719","110","0x0018"
"1784064680.177559229","127.0.0.1","127.0.0.1","34719","57668","68","0x0010"
"1784064680.185474197","127.0.0.1","127.0.0.1","57668","34719","899","0x0018"
"1784064680.185489198","127.0.0.1","127.0.0.1","34719","57668","68","0x0010"
"1784064680.186844936","127.0.0.1","127.0.0.1","34719","57668","206","0x0018"
"1784064680.187660957","127.0.0.1","127.0.0.1","57668","34719","146","0x0018"
"1784064680.192432102","127.0.0.1","127.0.0.1","34719","57668","252","0x0018"
"1784064680.193629489","127.0.0.1","127.0.0.1","57668","34719","146","0x0018"
"1784064680.194825827","127.0.0.1","127.0.0.1","34719","57668","695","0x0018"
"1784064680.195782835","127.0.0.1","127.0.0.1","57668","34719","146","0x0018"
"1784064680.237136091","127.0.0.1","127.0.0.1","34719","57668","68","0x0010"
"1784064681.043682469",,,,,"44",
"1784064681.043712051",,,,,"44",
"1784064681.883780632","127.0.0.1","127.0.0.1","57662","34719","87","0x0018"
"1784064681.925151797","127.0.0.1","127.0.0.1","34719","57662","68","0x0010"
"1784064683.698944883","127.0.0.1","127.0.0.1","57662","34719","87","0x0018"
"1784064683.698963543","127.0.0.1","127.0.0.1","34719","57662","68","0x0010"
"1784064683.823137895","127.0.0.1","127.0.0.1","57668","34719","87","0x0018"
"1784064683.823160047","127.0.0.1","127.0.0.1","34719","57668","68","0x0010"
"1784064684.035244237","127.0.0.1","127.0.0.1","34719","57662","83","0x0018"
"1784064684.035344435","127.0.0.1","127.0.0.1","57662","34719","68","0x0010"
"1784064802.661195196","172.18.203.227","185.125.190.57",,,"92",
"1784064802.777100029","127.0.0.1","127.0.0.1","34719","57662","234","0x0018"
"1784064802.777173313","127.0.0.1","127.0.0.1","57662","34719","68","0x0010"
"1784064802.782061189","127.0.0.1","127.0.0.1","57668","34719","269","0x0018"
"1784064802.782154851","127.0.0.1","127.0.0.1","34719","57668","68","0x0010"
"1784064802.784289253","127.0.0.1","127.0.0.1","34719","57668","155","0x0018"
"1784064802.786177309","127.0.0.1","127.0.0.1","57668","34719","110","0x0018"
"1784064802.830651375","127.0.0.1","127.0.0.1","34719","57668","68","0x0010"
"1784064802.876223712","127.0.0.1","127.0.0.1","34719","57668","83","0x0018"
"1784064802.918166367","127.0.0.1","127.0.0.1","57668","34719","68","0x0010"
"1784064802.924494987","185.125.190.57","172.18.203.227",,,"92",
"1784064685.353725742","127.0.0.1","127.0.0.1","34719","57668","340","0x0018"
"1784064685.353751875","127.0.0.1","127.0.0.1","57668","34719","68","0x0010"
"1784064685.355700855","127.0.0.1","127.0.0.1","57668","34719","182","0x0018"
"1784064685.355706708","127.0.0.1","127.0.0.1","34719","57668","68","0x0010"
"1784064685.369567577","127.0.0.1","127.0.0.1","34719","57668","226","0x0018"
"1784064685.370254579","127.0.0.1","127.0.0.1","34719","57668","133","0x0018"
"1784064685.370306847","127.0.0.1","127.0.0.1","57668","34719","68","0x0010"
"1784064685.371299094","127.0.0.1","127.0.0.1","34719","57668","6311","0x0018"
"1784064685.371716340","127.0.0.1","127.0.0.1","57668","34719","146","0x0018"
"1784064685.372874271","127.0.0.1","127.0.0.1","57662","34719","1056","0x0018"
"1784064685.372888342","127.0.0.1","127.0.0.1","34719","57662","68","0x0010"
"1784064685.374341669","127.0.0.1","127.0.0.1","34719","57662","114","0x0018"
"1784064685.374366269","127.0.0.1","127.0.0.1","57662","34719","68","0x0010"
"1784064685.415078916","127.0.0.1","127.0.0.1","34719","57668","68","0x0010"
"1784064685.415096391","127.0.0.1","127.0.0.1","57668","34719","5344","0x0018"
"1784064685.415130399","127.0.0.1","127.0.0.1","34719","57668","68","0x0010"
"1784064685.417030972","127.0.0.1","127.0.0.1","34719","57668","2489","0x0018"
"1784064685.459128499","127.0.0.1","127.0.0.1","57668","34719","68","0x0010"
"1784064685.477814223","127.0.0.1","127.0.0.1","34719","57668","1703","0x0018"
"1784064685.477877380","127.0.0.1","127.0.0.1","57668","34719","68","0x0010"
"1784064685.479728615","127.0.0.1","127.0.0.1","57668","34719","110","0x0018"
"1784064685.523218326","127.0.0.1","127.0.0.1","34719","57668","68","0x0010"
"1784064685.673376723","127.0.0.1","127.0.0.1","34719","57668","111","0x0018"
"1784064685.674731980","127.0.0.1","127.0.0.1","57668","34719","110","0x0018"
"1784064685.674749073","127.0.0.1","127.0.0.1","34719","57668","68","0x0010"
"1784064685.681282079","127.0.0.1","127.0.0.1","57668","34719","899","0x0018"
"1784064685.681297580","127.0.0.1","127.0.0.1","34719","57668","68","0x0010"
"1784064685.682596185","127.0.0.1","127.0.0.1","34719","57668","206","0x0018"
"1784064685.683569673","127.0.0.1","127.0.0.1","57668","34719","146","0x0018"
"1784064685.688027870","127.0.0.1","127.0.0.1","34719","57668","226","0x0018"
"1784064685.689122459","127.0.0.1","127.0.0.1","57668","34719","146","0x0018"
"1784064685.689240684","127.0.0.1","127.0.0.1","34719","57668","721","0x0018"
"1784064685.690460268","127.0.0.1","127.0.0.1","57668","34719","146","0x0018"
"1784064685.731094422","127.0.0.1","127.0.0.1","34719","57668","68","0x0010"
"1784064687.393879916","127.0.0.1","127.0.0.1","57662","34719","87","0x0018"
"1784064687.435367810","127.0.0.1","127.0.0.1","34719","57662","68","0x0010"
"1784064688.692561963","127.0.0.1","127.0.0.1","57662","34719","87","0x0018"
"1784064688.692602009","127.0.0.1","127.0.0.1","34719","57662","68","0x0010"
"1784064688.817986413","127.0.0.1","127.0.0.1","57668","34719","87","0x0018"
"1784064688.818069302","127.0.0.1","127.0.0.1","34719","57668","68","0x0010"
"1784064689.033277049","127.0.0.1","127.0.0.1","34719","57662","83","0x0018"
"1784064689.033294076","127.0.0.1","127.0.0.1","57662","34719","68","0x0010"
"1784064807.671790262","172.18.203.227","185.125.190.57",,,"92",
"1784064807.877317428","127.0.0.1","127.0.0.1","34719","57668","83","0x0018"
"1784064807.897119378","127.0.0.1","127.0.0.1","34719","57662","234","0x0018"
"1784064807.897230000","127.0.0.1","127.0.0.1","57662","34719","68","0x0010"
"1784064807.901363011","127.0.0.1","127.0.0.1","57668","34719","269","0x0018"
"1784064807.901392708","127.0.0.1","127.0.0.1","34719","57668","68","0x0010"
"1784064807.902139625","127.0.0.1","127.0.0.1","34719","57668","155","0x0018"
"1784064807.903538146","127.0.0.1","127.0.0.1","57668","34719","110","0x0018"
"1784064807.939624859","185.125.190.57","172.18.203.227",,,"92",
"1784064689.505116494","127.0.0.1","127.0.0.1","34719","57668","68","0x0010"
"1784064690.466584104","127.0.0.1","127.0.0.1","34719","57668","340","0x0018"
"1784064690.468150171","127.0.0.1","127.0.0.1","57668","34719","182","0x0018"
"1784064690.468156628","127.0.0.1","127.0.0.1","34719","57668","68","0x0010"
"1784064690.482223383","127.0.0.1","127.0.0.1","34719","57668","226","0x0018"
"1784064690.483655340","127.0.0.1","127.0.0.1","57668","34719","146","0x0018"
"1784064690.483941994","127.0.0.1","127.0.0.1","34719","57668","6374","0x0018"
"1784064690.485588185","127.0.0.1","127.0.0.1","57668","34719","724","0x0018"
"1784064690.485691330","127.0.0.1","127.0.0.1","57662","34719","1056","0x0018"
"1784064690.485707462","127.0.0.1","127.0.0.1","34719","57662","68","0x0010"
"1784064690.487192774","127.0.0.1","127.0.0.1","34719","57662","114","0x0018"
"1784064690.487212965","127.0.0.1","127.0.0.1","57662","34719","68","0x0010"
"1784064690.529114628","127.0.0.1","127.0.0.1","34719","57668","68","0x0010"
"1784064690.529137422","127.0.0.1","127.0.0.1","57668","34719","4682","0x0018"
"1784064690.529157791","127.0.0.1","127.0.0.1","34719","57668","68","0x0010"
"1784064690.530120489","127.0.0.1","127.0.0.1","34719","57668","2489","0x0018"
"1784064690.573184695","127.0.0.1","127.0.0.1","57668","34719","68","0x0010"
"1784064690.590829271","127.0.0.1","127.0.0.1","34719","57668","1703","0x0018"
"1784064690.590872187","127.0.0.1","127.0.0.1","57668","34719","68","0x0010"
"1784064690.592133301","127.0.0.1","127.0.0.1","57668","34719","110","0x0018"
"1784064690.633337130","127.0.0.1","127.0.0.1","34719","57668","68","0x0010"
"1784064690.784788400","127.0.0.1","127.0.0.1","34719","57668","111","0x0018"
"1784064690.786229220","127.0.0.1","127.0.0.1","57668","34719","110","0x0018"
"1784064690.786247833","127.0.0.1","127.0.0.1","34719","57668","68","0x0010"
"1784064690.795805092","127.0.0.1","127.0.0.1","57668","34719","899","0x0018"
"1784064690.795830766","127.0.0.1","127.0.0.1","34719","57668","68","0x0010"
"1784064690.796054554","127.0.0.1","127.0.0.1","34719","57668","206","0x0018"
"1784064690.797109176","127.0.0.1","127.0.0.1","57668","34719","146","0x0018"
"1784064690.801723894","127.0.0.1","127.0.0.1","34719","57668","226","0x0018"
"1784064690.802396195","127.0.0.1","127.0.0.1","34719","57668","96","0x0018"
"1784064690.802446745","127.0.0.1","127.0.0.1","57668","34719","68","0x0010"
"1784064690.802979389","127.0.0.1","127.0.0.1","57668","34719","146","0x0018"
"1784064690.803068261","127.0.0.1","127.0.0.1","34719","57668","695","0x0018"
"1784064690.804103725","127.0.0.1","127.0.0.1","57668","34719","146","0x0018"
"1784064690.845130946","127.0.0.1","127.0.0.1","34719","57668","68","0x0010"
"1784064691.405447675","4.150.223.111","172.18.203.227","443","37180","68","0x0010"
"1784064691.405503601","172.18.203.227","4.150.223.111","37180","443","68","0x0010"
"1784064692.501707527","127.0.0.1","127.0.0.1","57662","34719","87","0x0018"
"1784064692.545062928","127.0.0.1","127.0.0.1","34719","57662","68","0x0010"
"1784064693.692761524","127.0.0.1","127.0.0.1","57662","34719","87","0x0018"
"1784064693.692814072","127.0.0.1","127.0.0.1","34719","57662","68","0x0010"
"1784064693.818887123","127.0.0.1","127.0.0.1","57668","34719","87","0x0018"
"1784064693.818993952","127.0.0.1","127.0.0.1","34719","57668","68","0x0010"
"1784064694.033467632","127.0.0.1","127.0.0.1","34719","57662","83","0x0018"
"1784064694.033593115","127.0.0.1","127.0.0.1","57662","34719","68","0x0010"
"1784064812.689535452","172.18.203.227","185.125.190.57",,,"92",
"1784064812.846058830",,,,,"44",
"1784064812.846511805",,,,,"44",
"1784064812.877840154","127.0.0.1","127.0.0.1","34719","57668","83","0x0018"
"1784064812.922062438","127.0.0.1","127.0.0.1","57668","34719","68","0x0010"
"1784064812.944546907","185.125.190.57","172.18.203.227",,,"92",
"1784064694.569974718","127.0.0.1","127.0.0.1","34719","57662","234","0x0018"
"1784064694.570011087","127.0.0.1","127.0.0.1","57662","34719","68","0x0010"
"1784064694.571608576","127.0.0.1","127.0.0.1","57668","34719","269","0x0018"
"1784064694.571625485","127.0.0.1","127.0.0.1","34719","57668","68","0x0010"
"1784064694.573207713","127.0.0.1","127.0.0.1","34719","57668","155","0x0018"
"1784064694.573223233","127.0.0.1","127.0.0.1","57668","34719","68","0x0010"
"1784064694.574192902","127.0.0.1","127.0.0.1","57668","34719","110","0x0018"
"1784064694.621162981","127.0.0.1","127.0.0.1","34719","57668","68","0x0010"
"1784064695.580934616","127.0.0.1","127.0.0.1","34719","57668","340","0x0018"
"1784064695.582701163","127.0.0.1","127.0.0.1","57668","34719","182","0x0018"
"1784064695.582707772","127.0.0.1","127.0.0.1","34719","57668","68","0x0010"
"1784064695.596650815","127.0.0.1","127.0.0.1","34719","57668","226","0x0018"
"1784064695.597436748","127.0.0.1","127.0.0.1","34719","57668","133","0x0018"
"1784064695.597489130","127.0.0.1","127.0.0.1","57668","34719","68","0x0010"
"1784064695.598334600","127.0.0.1","127.0.0.1","34719","57668","6311","0x0018"
"1784064695.598742519","127.0.0.1","127.0.0.1","57668","34719","146","0x0018"
"1784064695.600017474","127.0.0.1","127.0.0.1","57662","34719","1056","0x0018"
"1784064695.600037102","127.0.0.1","127.0.0.1","34719","57662","68","0x0010"
"1784064695.601380245","127.0.0.1","127.0.0.1","34719","57662","114","0x0018"
"1784064695.601397003","127.0.0.1","127.0.0.1","57662","34719","68","0x0010"
"1784064695.641175679","127.0.0.1","127.0.0.1","34719","57668","68","0x0010"
"1784064695.641189203","127.0.0.1","127.0.0.1","57668","34719","5344","0x0018"
"1784064695.641218863","127.0.0.1","127.0.0.1","34719","57668","68","0x0010"
"1784064695.643002372","127.0.0.1","127.0.0.1","34719","57668","2489","0x0018"
"1784064695.685131321","127.0.0.1","127.0.0.1","57668","34719","68","0x0010"
"1784064695.700398479","127.0.0.1","127.0.0.1","34719","57668","1703","0x0018"
"1784064695.700487855","127.0.0.1","127.0.0.1","57668","34719","68","0x0010"
"1784064695.701874837","127.0.0.1","127.0.0.1","57668","34719","110","0x0018"
"1784064695.745026251","127.0.0.1","127.0.0.1","34719","57668","68","0x0010"
"1784064695.900033385","127.0.0.1","127.0.0.1","34719","57668","111","0x0018"
"1784064695.901325889","127.0.0.1","127.0.0.1","57668","34719","110","0x0018"
"1784064695.901342478","127.0.0.1","127.0.0.1","34719","57668","68","0x0010"
"1784064695.905887584","127.0.0.1","127.0.0.1","57668","34719","899","0x0018"
"1784064695.905902123","127.0.0.1","127.0.0.1","34719","57668","68","0x0010"
"1784064695.907347012","127.0.0.1","127.0.0.1","34719","57668","206","0x0018"
"1784064695.908435727","127.0.0.1","127.0.0.1","57668","34719","146","0x0018"
"1784064695.913182081","127.0.0.1","127.0.0.1","34719","57668","252","0x0018"
"1784064695.914306938","127.0.0.1","127.0.0.1","57668","34719","146","0x0018"
"1784064695.914429232","127.0.0.1","127.0.0.1","34719","57668","695","0x0018"
"1784064695.915333727","127.0.0.1","127.0.0.1","57668","34719","146","0x0018"
"1784064695.957157900","127.0.0.1","127.0.0.1","34719","57668","68","0x0010"
"1784064697.621148915","127.0.0.1","127.0.0.1","57662","34719","87","0x0018"
"1784064697.665162008","127.0.0.1","127.0.0.1","34719","57662","68","0x0010"
"1784064698.689248275","127.0.0.1","127.0.0.1","57662","34719","87","0x0018"
"1784064698.689338711","127.0.0.1","127.0.0.1","34719","57662","68","0x0010"
"1784064698.811839944","127.0.0.1","127.0.0.1","57668","34719","87","0x0018"
"1784064698.811923024","127.0.0.1","127.0.0.1","34719","57668","68","0x0010"
"1784064699.026113275","127.0.0.1","127.0.0.1","34719","57662","83","0x0018"
"1784064699.026204419","127.0.0.1","127.0.0.1","57662","34719","68","0x0010"
"1784064817.706078899","172.18.203.227","185.125.190.57",,,"92",
"1784064817.878968216","127.0.0.1","127.0.0.1","34719","57668","83","0x0018"
"1784064817.884213780","127.0.0.1","127.0.0.1","34719","57662","234","0x0018"
"1784064817.884264265","127.0.0.1","127.0.0.1","57662","34719","68","0x0010"
"1784064817.887694468","127.0.0.1","127.0.0.1","57668","34719","269","0x0018"
"1784064817.887726564","127.0.0.1","127.0.0.1","34719","57668","68","0x0010"
"1784064817.889450637","127.0.0.1","127.0.0.1","34719","57668","155","0x0018"
"1784064817.890811187","127.0.0.1","127.0.0.1","57668","34719","110","0x0018"
"1784064817.933999638","127.0.0.1","127.0.0.1","34719","57668","68","0x0010"
"1784064817.953670828","185.125.190.57","172.18.203.227",,,"92",
"1784064700.396382855","127.0.0.1","127.0.0.1","34719","57662","184","0x0018"
"1784064700.396400132","127.0.0.1","127.0.0.1","57662","34719","68","0x0010"
"1784064700.401152514","127.0.0.1","127.0.0.1","34719","57662","384","0x0018"
"1784064700.401174384","127.0.0.1","127.0.0.1","57662","34719","68","0x0010"
"1784064700.406128377","127.0.0.1","127.0.0.1","57668","34719","951","0x0018"
"1784064700.406157546","127.0.0.1","127.0.0.1","34719","57668","68","0x0010"
"1784064700.407032932","127.0.0.1","127.0.0.1","34719","57668","319","0x0018"
"1784064700.410343935","127.0.0.1","127.0.0.1","57668","34719","474","0x0018"
"1784064700.411632003","127.0.0.1","127.0.0.1","34719","57668","106","0x0018"
"1784064700.411648930","127.0.0.1","127.0.0.1","57668","34719","110","0x0018"
"1784064700.413094527","127.0.0.1","127.0.0.1","34719","57668","88","0x0018"
"1784064700.456606519","127.0.0.1","127.0.0.1","57668","34719","68","0x0010"
"1784064700.466467142","127.0.0.1","127.0.0.1","34719","57662","247","0x0018"
"1784064700.466487878","127.0.0.1","127.0.0.1","57662","34719","68","0x0010"
"1784064700.468029401","127.0.0.1","127.0.0.1","57668","34719","282","0x0018"
"1784064700.469570506","127.0.0.1","127.0.0.1","34719","57668","155","0x0018"
"1784064700.469617315","127.0.0.1","127.0.0.1","57668","34719","68","0x0010"
"1784064700.470490978","127.0.0.1","127.0.0.1","57668","34719","110","0x0018"
"1784064700.475795341","127.0.0.1","127.0.0.1","34719","57662","229","0x0018"
"1784064700.475810505","127.0.0.1","127.0.0.1","57662","34719","68","0x0010"
"1784064700.512627729","127.0.0.1","127.0.0.1","34719","57668","68","0x0010"
"1784064700.512645884","127.0.0.1","127.0.0.1","57668","34719","194","0x0018"
"1784064700.512686083","127.0.0.1","127.0.0.1","34719","57668","68","0x0010"
"1784064700.514298661","127.0.0.1","127.0.0.1","34719","57668","142","0x0018"
"1784064700.556658431","127.0.0.1","127.0.0.1","57668","34719","68","0x0010"
"1784064700.604992985","127.0.0.1","127.0.0.1","34719","57668","340","0x0018"
"1784064700.605187498","127.0.0.1","127.0.0.1","57668","34719","68","0x0010"
"1784064700.608111119","127.0.0.1","127.0.0.1","57668","34719","182","0x0018"
"1784064700.628682108","127.0.0.1","127.0.0.1","34719","57668","226","0x0018"
"1784064700.630058518","127.0.0.1","127.0.0.1","57668","34719","146","0x0018"
"1784064700.630426743","127.0.0.1","127.0.0.1","34719","57668","6374","0x0018"
"1784064700.632211608","127.0.0.1","127.0.0.1","57668","34719","5338","0x0018"
"1784064700.632214609","127.0.0.1","127.0.0.1","57662","34719","1056","0x0018"
"1784064700.632233773","127.0.0.1","127.0.0.1","34719","57662","68","0x0010"
"1784064700.633933799","127.0.0.1","127.0.0.1","34719","57662","114","0x0018"
"1784064700.633948990","127.0.0.1","127.0.0.1","57662","34719","68","0x0010"
"1784064700.634270513","127.0.0.1","127.0.0.1","34719","57668","2489","0x0018"
"1784064700.676626313","127.0.0.1","127.0.0.1","57668","34719","68","0x0010"
"1784064700.692905398","127.0.0.1","127.0.0.1","57668","34719","507","0x0018"
"1784064700.694678880","127.0.0.1","127.0.0.1","34719","57668","142","0x0018"
"1784064700.694753523","127.0.0.1","127.0.0.1","57668","34719","68","0x0010"
"1784064700.734842176","127.0.0.1","127.0.0.1","34719","57668","1703","0x0018"
"1784064700.734955483","127.0.0.1","127.0.0.1","57668","34719","68","0x0010"
"1784064700.739098147","127.0.0.1","127.0.0.1","57668","34719","110","0x0018"
"1784064700.780740701","127.0.0.1","127.0.0.1","34719","57668","68","0x0010"
"1784064700.931146373","127.0.0.1","127.0.0.1","34719","57668","111","0x0018"
"1784064700.932341122","127.0.0.1","127.0.0.1","57668","34719","110","0x0018"
"1784064700.932357360","127.0.0.1","127.0.0.1","34719","57668","68","0x0010"
"1784064700.939745869","127.0.0.1","127.0.0.1","57668","34719","899","0x0018"
"1784064700.939764888","127.0.0.1","127.0.0.1","34719","57668","68","0x0010"
"1784064700.941125825","127.0.0.1","127.0.0.1","34719","57668","206","0x0018"
"1784064700.942041449","127.0.0.1","127.0.0.1","57668","34719","146","0x0018"
"1784064700.946548434","127.0.0.1","127.0.0.1","34719","57668","252","0x0018"
"1784064700.947654356","127.0.0.1","127.0.0.1","57668","34719","146","0x0018"
"1784064700.947744498","127.0.0.1","127.0.0.1","34719","57668","695","0x0018"
"1784064700.948691531","127.0.0.1","127.0.0.1","57668","34719","146","0x0018"
"1784064700.980047891","127.0.0.1","127.0.0.1","57662","34719","136","0x0018"
"1784064700.981667540","127.0.0.1","127.0.0.1","34719","57662","92","0x0018"
"1784064700.981688538","127.0.0.1","127.0.0.1","57662","34719","68","0x0010"
"1784064700.992636517","127.0.0.1","127.0.0.1","34719","57668","68","0x0010"
"1784064701.097303602","172.18.203.227","4.150.223.111","37180","443","107","0x0018"
"1784064701.101928760","4.150.223.111","172.18.203.227","443","37180","68","0x0010"
"1784064701.363653207","4.150.223.111","172.18.203.227","443","37180","107","0x0018"
"1784064701.363714477","172.18.203.227","4.150.223.111","37180","443","68","0x0010"
"1784064701.812610658","127.0.0.1","127.0.0.1","57668","34719","156","0x0018"
"1784064701.812611155","127.0.0.1","127.0.0.1","57662","34719","233","0x0018"
"1784064701.812647069","127.0.0.1","127.0.0.1","34719","57668","68","0x0010"
"1784064701.814088062","127.0.0.1","127.0.0.1","34719","57668","112","0x0018"
"1784064701.814398199","127.0.0.1","127.0.0.1","34719","57662","896","0x0018"
"1784064701.814414770","127.0.0.1","127.0.0.1","57662","34719","68","0x0010"
"1784064701.816137913","127.0.0.1","127.0.0.1","57662","34719","261","0x0018"
"1784064701.817582273","127.0.0.1","127.0.0.1","34719","57662","950","0x0018"
"1784064701.823067214","127.0.0.1","127.0.0.1","57668","34719","183","0x0018"
"1784064701.823067503","127.0.0.1","127.0.0.1","57662","34719","230","0x0018"
"1784064701.824438615","127.0.0.1","127.0.0.1","34719","57668","112","0x0018"
"1784064701.824566916","127.0.0.1","127.0.0.1","34719","57662","890","0x0018"
"1784064701.825610723","127.0.0.1","127.0.0.1","57662","34719","288","0x0018"
"1784064701.826954360","127.0.0.1","127.0.0.1","34719","57662","1004","0x0018"
"1784064701.827883184","127.0.0.1","127.0.0.1","57662","34719","235","0x0018"
"1784064701.829193040","127.0.0.1","127.0.0.1","34719","57662","900","0x0018"
"1784064701.830093771","127.0.0.1","127.0.0.1","57662","34719","223","0x0018"
"1784064701.831439237","127.0.0.1","127.0.0.1","34719","57662","876","0x0018"
"1784064701.832280552","127.0.0.1","127.0.0.1","57662","34719","229","0x0018"
"1784064701.833558123","127.0.0.1","127.0.0.1","34719","57662","175","0x0018"
"1784064701.850909690","127.0.0.1","127.0.0.1","57668","34719","135","0x0018"
"1784064701.850909860","127.0.0.1","127.0.0.1","57662","34719","239","0x0018"
"1784064701.852306983","127.0.0.1","127.0.0.1","34719","57668","112","0x0018"
"1784064701.852449729","127.0.0.1","127.0.0.1","34719","57662","908","0x0018"
"1784064701.865186754","127.0.0.1","127.0.0.1","57668","34719","147","0x0018"
"1784064701.865186921","127.0.0.1","127.0.0.1","57662","34719","247","0x0018"
"1784064701.865549427","127.0.0.1","127.0.0.1","34719","57662","924","0x0018"
"1784064701.866528390","127.0.0.1","127.0.0.1","34719","57668","112","0x0018"
"1784064701.879369102","127.0.0.1","127.0.0.1","57662","34719","241","0x0018"
"1784064701.879383216","127.0.0.1","127.0.0.1","57668","34719","209","0x0018"
"1784064701.880710953","127.0.0.1","127.0.0.1","34719","57668","112","0x0018"
"1784064701.880713663","127.0.0.1","127.0.0.1","34719","57662","159","0x0018"
"1784064701.892283760","127.0.0.1","127.0.0.1","57662","34719","241","0x0018"
"1784064701.892283807","127.0.0.1","127.0.0.1","57668","34719","141","0x0018"
"1784064701.893594399","127.0.0.1","127.0.0.1","34719","57668","112","0x0018"
"1784064701.893770911","127.0.0.1","127.0.0.1","34719","57662","912","0x0018"
"1784064701.899308393","127.0.0.1","127.0.0.1","57668","34719","198","0x0018"
"1784064701.900620610","127.0.0.1","127.0.0.1","34719","57668","112","0x0018"
"1784064701.913512979","127.0.0.1","127.0.0.1","57668","34719","154","0x0018"
"1784064701.913513137","127.0.0.1","127.0.0.1","57662","34719","259","0x0018"
"1784064701.914872154","127.0.0.1","127.0.0.1","34719","57668","112","0x0018"
"1784064701.915091408","127.0.0.1","127.0.0.1","34719","57662","946","0x0018"
"1784064701.934087883","127.0.0.1","127.0.0.1","57668","34719","156","0x0018"
"1784064701.935472178","127.0.0.1","127.0.0.1","34719","57668","112","0x0018"
"1784064701.954788858","127.0.0.1","127.0.0.1","57668","34719","183","0x0018"
"1784064701.956153387","127.0.0.1","127.0.0.1","34719","57668","112","0x0018"
"1784064701.956578478","127.0.0.1","127.0.0.1","57662","34719","68","0x0010"
"1784064701.978832340","127.0.0.1","127.0.0.1","57668","34719","186","0x0018"
"1784064701.978887587","127.0.0.1","127.0.0.1","57662","34719","291","0x0018"
"1784064701.980412085","127.0.0.1","127.0.0.1","34719","57668","112","0x0018"
"1784064701.980493130","127.0.0.1","127.0.0.1","34719","57662","1010","0x0018"
"1784064701.980510426","127.0.0.1","127.0.0.1","57662","34719","68","0x0010"
"1784064701.996513389","127.0.0.1","127.0.0.1","57668","34719","156","0x0018"
"1784064701.998072095","127.0.0.1","127.0.0.1","34719","57668","112","0x0018"
"1784064702.017330782","127.0.0.1","127.0.0.1","57668","34719","183","0x0018"
"1784064702.017549634","127.0.0.1","127.0.0.1","34719","57668","112","0x0018"
"1784064702.048692924","127.0.0.1","127.0.0.1","57668","34719","186","0x0018"
"1784064702.050115884","127.0.0.1","127.0.0.1","34719","57668","112","0x0018"
"1784064702.073064871","127.0.0.1","127.0.0.1","57668","34719","156","0x0018"
"1784064702.074471495","127.0.0.1","127.0.0.1","34719","57668","112","0x0018"
"1784064702.116681467","127.0.0.1","127.0.0.1","57668","34719","68","0x0010"
"1784064702.351338611","127.0.0.1","127.0.0.1","57668","34719","183","0x0018"
"1784064702.352788887","127.0.0.1","127.0.0.1","34719","57668","112","0x0018"
"1784064702.352805731","127.0.0.1","127.0.0.1","57668","34719","68","0x0010"
"1784064702.395574407","127.0.0.1","127.0.0.1","57668","34719","186","0x0018"
"1784064702.397042495","127.0.0.1","127.0.0.1","34719","57668","112","0x0018"
"1784064702.397073803","127.0.0.1","127.0.0.1","57668","34719","68","0x0010"
"1784064702.414960109","127.0.0.1","127.0.0.1","34719","57662","155","0x0018"
"1784064702.414980192","127.0.0.1","127.0.0.1","57662","34719","68","0x0010"
"1784064703.266943996","127.0.0.1","127.0.0.1","57668","34719","128","0x0018"
"1784064703.268360872","127.0.0.1","127.0.0.1","34719","57668","106","0x0018"
"1784064703.268386503","127.0.0.1","127.0.0.1","57668","34719","68","0x0010"
"1784064703.367370914","127.0.0.1","127.0.0.1","57668","34719","130","0x0018"
"1784064703.368847296","127.0.0.1","127.0.0.1","34719","57668","106","0x0018"
"1784064703.368869432","127.0.0.1","127.0.0.1","57668","34719","68","0x0010"
"1784064703.502378455","127.0.0.1","127.0.0.1","57668","34719","182","0x0018"
"1784064703.502401319","127.0.0.1","127.0.0.1","57662","34719","230","0x0018"
"1784064703.503765786","127.0.0.1","127.0.0.1","34719","57668","112","0x0018"
"1784064703.503785488","127.0.0.1","127.0.0.1","57668","34719","68","0x0010"
"1784064703.503974551","127.0.0.1","127.0.0.1","34719","57662","890","0x0018"
"1784064703.503981652","127.0.0.1","127.0.0.1","57662","34719","68","0x0010"
"1784064703.505106711","127.0.0.1","127.0.0.1","57662","34719","287","0x0018"
"1784064703.506598198","127.0.0.1","127.0.0.1","34719","57662","1002","0x0018"
"1784064703.507532228","127.0.0.1","127.0.0.1","57662","34719","235","0x0018"
"1784064703.508901983","127.0.0.1","127.0.0.1","34719","57662","900","0x0018"
"1784064703.509850501","127.0.0.1","127.0.0.1","57662","34719","223","0x0018"
"1784064703.511286183","127.0.0.1","127.0.0.1","34719","57662","876","0x0018"
"1784064703.512186778","127.0.0.1","127.0.0.1","57662","34719","229","0x0018"
"1784064703.513550495","127.0.0.1","127.0.0.1","34719","57662","175","0x0018"
"1784064703.534198527","127.0.0.1","127.0.0.1","57668","34719","120","0x0018"
"1784064703.534198668","127.0.0.1","127.0.0.1","57662","34719","224","0x0018"
"1784064703.535636119","127.0.0.1","127.0.0.1","34719","57668","112","0x0018"
"1784064703.535658842","127.0.0.1","127.0.0.1","57668","34719","150","0x0018"
"1784064703.535823050","127.0.0.1","127.0.0.1","34719","57662","878","0x0018"
"1784064703.535841362","127.0.0.1","127.0.0.1","57662","34719","255","0x0018"
"1784064703.536964942","127.0.0.1","127.0.0.1","34719","57668","112","0x0018"
"1784064703.537190179","127.0.0.1","127.0.0.1","34719","57662","938","0x0018"
"1784064703.567721321","127.0.0.1","127.0.0.1","57668","34719","179","0x0018"
"1784064703.567725374","127.0.0.1","127.0.0.1","57662","34719","284","0x0018"
"1784064703.569102573","127.0.0.1","127.0.0.1","34719","57668","112","0x0018"
"1784064703.569444356","127.0.0.1","127.0.0.1","34719","57662","996","0x0018"
"1784064703.597845854","127.0.0.1","127.0.0.1","57668","34719","120","0x0018"
"1784064703.599459317","127.0.0.1","127.0.0.1","34719","57668","112","0x0018"
"1784064703.612563442","127.0.0.1","127.0.0.1","57662","34719","68","0x0010"
"1784064703.631992497","127.0.0.1","127.0.0.1","57668","34719","150","0x0018"
"1784064703.633514657","127.0.0.1","127.0.0.1","34719","57668","112","0x0018"
"1784064703.676676267","127.0.0.1","127.0.0.1","57668","34719","68","0x0010"
"1784064703.700018860","127.0.0.1","127.0.0.1","57668","34719","186","0x0018"
"1784064703.700020094","127.0.0.1","127.0.0.1","57662","34719","87","0x0018"
"1784064703.700773950","127.0.0.1","127.0.0.1","34719","57668","142","0x0018"
"1784064703.700806798","127.0.0.1","127.0.0.1","57668","34719","68","0x0010"
"1784064703.740645324","127.0.0.1","127.0.0.1","34719","57662","68","0x0010"
"1784064703.807951057","127.0.0.1","127.0.0.1","57668","34719","87","0x0018"
"1784064703.848673534","127.0.0.1","127.0.0.1","34719","57668","68","0x0010"
"1784064704.030151848","127.0.0.1","127.0.0.1","34719","57662","83","0x0018"
"1784064704.030231368","127.0.0.1","127.0.0.1","57662","34719","68","0x0010"
"1784064704.181525787","127.0.0.1","127.0.0.1","57662","34719","601","0x0018"
"1784064704.181569809","127.0.0.1","127.0.0.1","34719","57662","68","0x0010"
"1784064704.183457778","127.0.0.1","127.0.0.1","34719","57662","92","0x0018"
"1784064704.183493546","127.0.0.1","127.0.0.1","57662","34719","68","0x0010"
"1784064822.716670939","172.18.203.227","185.125.190.57",,,"92",
"1784064822.879132218","127.0.0.1","127.0.0.1","34719","57668","83","0x0018"
"1784064822.879160894","127.0.0.1","127.0.0.1","57668","34719","68","0x0010"
