component_id,window_start,latency_ms,jitter_ms,packet_loss_pct,throughput_mbps,error_rate,connection_count,cpu_pct,mem_pct
fw-01,2026-07-14T14:25:00Z,0.84,0.08,0.0,6315.9,0.0002,1829,32.6,41.8
lb-01,2026-07-14T14:25:00Z,2.01,0.22,0.0,554.7,0.0007,2392,25.1,40.1
core-sw-01,2026-07-14T14:25:00Z,0.47,0.11,0.0,6848.4,0.0004,1444,22.2,35.0
tor-sw-01,2026-07-14T14:25:00Z,0.34,0.08,0.0,2351.1,0.0005,922,17.6,33.0
tor-sw-02,2026-07-14T14:25:00Z,0.34,0.07,0.0,2366.0,0.0005,918,20.2,29.2
tor-sw-03,2026-07-14T14:25:00Z,0.42,0.11,0.0,2439.7,0.0004,1040,17.6,28.9
web-01,2026-07-14T14:25:00Z,24.1,1.16,0.0,57.6,0.0018,191,31.8,51.4
web-02,2026-07-14T14:25:00Z,24.1,1.87,0.0,57.3,0.0028,170,37.8,53.3
web-03,2026-07-14T14:25:00Z,24.9,1.96,0.0,61.2,0.0014,167,30.4,49.7
web-04,2026-07-14T14:25:00Z,26.4,1.93,0.0,61.9,0.0025,203,35.9,54.1
web-05,2026-07-14T14:25:00Z,23.3,1.58,0.0,66.1,0.0015,177,35.9,47.9
web-06,2026-07-14T14:25:00Z,22.2,1.41,0.0,63.1,0.002,150,31.1,54.9
web-07,2026-07-14T14:25:00Z,25.7,1.98,0.0,61.3,0.0024,167,36.1,47.5
web-08,2026-07-14T14:25:00Z,21.1,2.37,0.0,65.9,0.0026,201,31.5,54.3
app-01,2026-07-14T14:25:00Z,17.1,0.94,0.0,46.1,0.0018,135,44.4,55.6
app-02,2026-07-14T14:25:00Z,14.5,1.53,0.0,47.1,0.0017,133,36.1,58.1
app-03,2026-07-14T14:25:00Z,15.1,1.09,0.0,50.7,0.0019,135,40.3,57.0
app-04,2026-07-14T14:25:00Z,14.7,1.31,0.0,51.7,0.0018,114,40.2,55.7
app-05,2026-07-14T14:25:00Z,17.3,0.73,0.0,46.9,0.002,111,38.9,55.8
app-06,2026-07-14T14:25:00Z,17.8,0.96,0.0,46.5,0.0017,103,36.8,57.1
app-07,2026-07-14T14:25:00Z,17.5,1.0,0.0,46.6,0.001,130,44.5,56.1
app-08,2026-07-14T14:25:00Z,18.0,0.62,0.0,48.3,0.0012,132,41.5,59.5
app-09,2026-07-14T14:25:00Z,13.5,1.69,0.0,44.1,0.0019,107,40.3,59.1
app-10,2026-07-14T14:25:00Z,15.0,0.82,0.0,51.1,0.0015,131,41.2,57.7
db-01,2026-07-14T14:25:00Z,5.6,0.49,0.0,93.9,0.0009,121,41.9,59.5
db-02,2026-07-14T14:25:00Z,3.38,0.19,0.0,31.6,0.0009,41,25.5,55.7
cache-01,2026-07-14T14:25:00Z,0.9,0.13,0.0,109.6,0.0003,293,16.0,42.7
cache-02,2026-07-14T14:25:00Z,0.84,0.17,0.0,106.0,0.0009,299,15.7,81.2
mq-01,2026-07-14T14:25:00Z,2.43,0.28,0.0,37.2,0.0004,91,19.3,32.6
dns-01,2026-07-14T14:25:00Z,0.7,0.25,0.0,28.4,0.0009,232,6.3,19.6
fw-01,2026-07-14T14:25:30Z,1.06,0.07,0.0,6651.1,0.0004,1888,30.1,41.6
lb-01,2026-07-14T14:25:30Z,2.0,0.21,0.0,612.5,0.0015,2457,30.4,39.4
core-sw-01,2026-07-14T14:25:30Z,0.45,0.07,0.0,7035.4,0.0004,1360,20.1,32.8
tor-sw-01,2026-07-14T14:25:30Z,0.37,0.07,0.0,2445.4,0.0006,1019,17.3,30.1
tor-sw-02,2026-07-14T14:25:30Z,0.35,0.07,0.0,2299.2,0.0002,1056,22.3,31.2
tor-sw-03,2026-07-14T14:25:30Z,0.36,0.08,0.0,2477.9,0.0002,1055,16.9,32.9
web-01,2026-07-14T14:25:30Z,23.2,1.68,0.0,64.4,0.0024,157,36.6,50.5
web-02,2026-07-14T14:25:30Z,24.3,2.15,0.0,66.2,0.0018,157,30.4,52.0
web-03,2026-07-14T14:25:30Z,26.2,1.6,0.0,57.8,0.0021,172,37.3,51.9
web-04,2026-07-14T14:25:30Z,20.5,1.69,0.0,65.4,0.0027,162,37.2,51.8
web-05,2026-07-14T14:25:30Z,24.5,1.29,0.0,60.6,0.0023,198,31.4,50.0
web-06,2026-07-14T14:25:30Z,26.0,1.72,0.0,56.4,0.002,154,34.2,47.6
web-07,2026-07-14T14:25:30Z,22.3,1.22,0.0,57.3,0.0015,205,36.7,47.4
web-08,2026-07-14T14:25:30Z,22.5,1.26,0.0,64.6,0.0023,156,29.3,53.2
app-01,2026-07-14T14:25:30Z,14.6,1.37,0.0,49.6,0.0013,107,38.3,58.1
app-02,2026-07-14T14:25:30Z,17.7,0.74,0.0,43.2,0.001,121,36.1,59.9
app-03,2026-07-14T14:25:30Z,17.7,1.21,0.0,45.7,0.0017,109,39.2,54.0
app-04,2026-07-14T14:25:30Z,14.8,1.26,0.0,50.3,0.0019,101,39.7,58.5
app-05,2026-07-14T14:25:30Z,15.0,1.41,0.0,49.0,0.0012,141,41.8,56.6
app-06,2026-07-14T14:25:30Z,16.7,0.94,0.0,52.8,0.002,134,36.8,55.8
app-07,2026-07-14T14:25:30Z,16.8,1.47,0.0,46.6,0.0017,123,44.8,59.6
app-08,2026-07-14T14:25:30Z,17.8,1.1,0.0,43.2,0.0021,109,41.2,56.6
app-09,2026-07-14T14:25:30Z,17.7,1.57,0.0,44.9,0.0012,100,42.3,56.4
app-10,2026-07-14T14:25:30Z,16.9,1.32,0.0,49.1,0.0016,114,38.3,55.3
db-01,2026-07-14T14:25:30Z,6.3,0.79,0.0,91.5,0.0013,123,40.9,60.1
db-02,2026-07-14T14:25:30Z,3.83,0.18,0.0,37.6,0.0003,37,25.2,56.8
cache-01,2026-07-14T14:25:30Z,0.75,0.18,0.0,122.3,0.001,306,18.5,46.0
cache-02,2026-07-14T14:25:30Z,0.73,0.12,0.0,129.4,0.001,292,16.2,82.4
mq-01,2026-07-14T14:25:30Z,2.11,0.17,0.0,30.0,0.001,84,18.8,33.8
dns-01,2026-07-14T14:25:30Z,0.56,0.21,0.0,38.8,0.0005,256,6.8,20.2
fw-01,2026-07-14T14:26:00Z,0.82,0.11,0.0,6601.6,0.0003,1954,30.8,43.2
lb-01,2026-07-14T14:26:00Z,1.67,0.28,0.0,550.6,0.0009,2538,30.8,37.2
core-sw-01,2026-07-14T14:26:00Z,0.42,0.08,0.0,7062.5,0.0005,1466,24.9,35.4
tor-sw-01,2026-07-14T14:26:00Z,0.41,0.12,0.0,2265.5,0.0003,971,18.1,30.6
tor-sw-02,2026-07-14T14:26:00Z,0.45,0.1,0.0,2387.8,0.0003,966,19.2,32.9
tor-sw-03,2026-07-14T14:26:00Z,0.35,0.09,0.0,2302.2,0.0005,1027,18.7,29.7
web-01,2026-07-14T14:26:00Z,21.1,1.99,0.0,57.8,0.0019,187,33.2,52.5
web-02,2026-07-14T14:26:00Z,22.3,1.96,0.0,65.9,0.0021,184,30.1,48.0
web-03,2026-07-14T14:26:00Z,25.9,1.65,0.0,58.9,0.0021,176,32.9,48.1
web-04,2026-07-14T14:26:00Z,24.3,1.95,0.0,66.5,0.002,176,32.6,47.8
web-05,2026-07-14T14:26:00Z,24.3,2.36,0.0,61.4,0.0025,193,32.5,50.9
web-06,2026-07-14T14:26:00Z,22.8,2.28,0.0,63.9,0.0026,150,33.5,53.8
web-07,2026-07-14T14:26:00Z,22.6,1.22,0.0,57.3,0.0015,152,34.8,50.0
web-08,2026-07-14T14:26:00Z,22.2,1.87,0.0,63.3,0.0016,180,31.2,47.4
app-01,2026-07-14T14:26:00Z,14.0,0.97,0.0,51.5,0.0016,104,36.5,56.2
app-02,2026-07-14T14:26:00Z,13.1,1.05,0.0,45.6,0.0015,139,45.9,59.3
app-03,2026-07-14T14:26:00Z,16.4,1.75,0.0,52.9,0.0016,121,40.2,57.8
app-04,2026-07-14T14:26:00Z,17.6,1.09,0.0,51.9,0.0016,131,37.4,55.0
app-05,2026-07-14T14:26:00Z,16.4,1.55,0.0,46.9,0.0017,110,37.6,58.4
app-06,2026-07-14T14:26:00Z,13.7,1.75,0.0,50.0,0.0011,135,45.9,57.7
app-07,2026-07-14T14:26:00Z,14.9,1.76,0.0,49.8,0.001,132,41.3,57.4
app-08,2026-07-14T14:26:00Z,14.4,1.63,0.0,51.5,0.0013,98,43.2,54.8
app-09,2026-07-14T14:26:00Z,14.2,1.54,0.0,51.6,0.0011,123,37.2,58.0
app-10,2026-07-14T14:26:00Z,16.1,1.59,0.0,45.7,0.0011,135,41.4,57.6
db-01,2026-07-14T14:26:00Z,5.8,0.44,0.0,95.6,0.002,118,44.8,61.7
db-02,2026-07-14T14:26:00Z,4.31,0.28,0.0,38.1,0.0005,41,25.3,55.8
cache-01,2026-07-14T14:26:00Z,0.84,0.15,0.0,131.8,0.0009,312,16.0,41.5
cache-02,2026-07-14T14:26:00Z,0.93,0.17,0.0,125.7,0.0007,303,21.2,83.8
mq-01,2026-07-14T14:26:00Z,1.83,0.18,0.0,35.1,0.0004,85,17.0,31.0
dns-01,2026-07-14T14:26:00Z,0.67,0.24,0.0,35.3,0.0003,224,6.5,22.7
fw-01,2026-07-14T14:26:30Z,0.75,0.07,0.0,6076.5,0.0003,1928,32.1,43.2
lb-01,2026-07-14T14:26:30Z,1.91,0.23,0.0,616.7,0.0017,2419,30.1,35.0
core-sw-01,2026-07-14T14:26:30Z,0.37,0.1,0.0,7436.0,0.0004,1373,18.7,32.1
tor-sw-01,2026-07-14T14:26:30Z,0.42,0.1,0.0,2345.6,0.0004,1056,19.2,32.0
tor-sw-02,2026-07-14T14:26:30Z,0.38,0.09,0.0,2300.5,0.0004,1011,19.4,30.5
tor-sw-03,2026-07-14T14:26:30Z,0.41,0.09,0.0,2422.1,0.0002,917,16.7,29.1
web-01,2026-07-14T14:26:30Z,22.9,1.64,0.0,55.9,0.0015,190,31.5,54.0
web-02,2026-07-14T14:26:30Z,20.4,1.76,0.0,59.9,0.0013,193,36.6,49.7
web-03,2026-07-14T14:26:30Z,25.2,1.91,0.0,62.0,0.0016,187,35.0,52.5
web-04,2026-07-14T14:26:30Z,21.9,2.33,0.0,64.0,0.0023,174,36.4,47.4
web-05,2026-07-14T14:26:30Z,23.2,1.66,0.0,65.5,0.0015,209,38.6,52.1
web-06,2026-07-14T14:26:30Z,24.9,2.42,0.0,55.7,0.0017,170,29.2,48.4
web-07,2026-07-14T14:26:30Z,21.0,1.61,0.0,62.7,0.0022,151,34.9,47.3
web-08,2026-07-14T14:26:30Z,23.5,1.32,0.0,60.3,0.0023,198,32.2,53.9
app-01,2026-07-14T14:26:30Z,14.8,1.64,0.0,46.8,0.0019,100,44.5,56.3
app-02,2026-07-14T14:26:30Z,15.8,1.71,0.0,51.6,0.0015,133,38.9,57.8
app-03,2026-07-14T14:26:30Z,14.9,1.05,0.0,46.8,0.0015,99,38.6,56.1
app-04,2026-07-14T14:26:30Z,14.7,1.07,0.0,49.9,0.0017,107,36.2,57.5
app-05,2026-07-14T14:26:30Z,15.6,0.88,0.0,45.5,0.0019,133,40.6,55.1
app-06,2026-07-14T14:26:30Z,17.5,0.78,0.0,51.8,0.002,135,42.0,54.5
app-07,2026-07-14T14:26:30Z,15.8,1.52,0.0,51.5,0.0015,115,39.9,57.0
app-08,2026-07-14T14:26:30Z,14.2,1.26,0.0,47.0,0.001,103,43.6,58.7
app-09,2026-07-14T14:26:30Z,14.1,0.96,0.0,48.1,0.0009,133,44.6,56.8
app-10,2026-07-14T14:26:30Z,15.7,1.19,0.0,50.8,0.0013,127,42.7,58.9
db-01,2026-07-14T14:26:30Z,6.0,0.79,0.0,101.0,0.0014,114,42.4,59.6
db-02,2026-07-14T14:26:30Z,3.63,0.22,0.0,37.0,0.0005,38,28.4,55.6
cache-01,2026-07-14T14:26:30Z,0.83,0.18,0.0,124.0,0.0007,298,18.4,46.0
cache-02,2026-07-14T14:26:30Z,0.88,0.12,0.0,110.6,0.0005,313,16.0,82.6
mq-01,2026-07-14T14:26:30Z,1.93,0.21,0.0,36.5,0.0007,94,15.5,30.7
dns-01,2026-07-14T14:26:30Z,0.56,0.28,0.0,34.3,0.0009,259,6.5,21.0
fw-01,2026-07-14T14:27:00Z,0.77,0.07,0.0,6348.0,0.0005,1906,32.9,42.6
lb-01,2026-07-14T14:27:00Z,1.96,0.26,0.0,585.5,0.0007,2353,30.3,35.3
core-sw-01,2026-07-14T14:27:00Z,0.46,0.08,0.0,6893.4,0.0003,1340,22.7,36.3
tor-sw-01,2026-07-14T14:27:00Z,0.33,0.08,0.0,2540.5,0.0005,906,15.9,31.6
tor-sw-02,2026-07-14T14:27:00Z,0.32,0.09,0.0,2259.6,0.0002,949,19.9,30.7
tor-sw-03,2026-07-14T14:27:00Z,0.41,0.08,0.0,2336.3,0.0004,1054,19.1,28.6
web-01,2026-07-14T14:27:00Z,25.9,1.25,0.0,62.5,0.0028,185,38.1,49.0
web-02,2026-07-14T14:27:00Z,22.2,1.45,0.0,57.7,0.002,182,37.0,53.3
web-03,2026-07-14T14:27:00Z,22.2,2.25,0.0,63.2,0.0014,161,38.1,50.1
web-04,2026-07-14T14:27:00Z,26.3,1.1,0.0,63.5,0.0014,206,36.4,50.9
web-05,2026-07-14T14:27:00Z,22.4,1.25,0.0,65.6,0.0014,152,38.4,52.9
web-06,2026-07-14T14:27:00Z,24.3,1.62,0.0,62.3,0.0029,186,29.6,54.4
web-07,2026-07-14T14:27:00Z,22.8,1.33,0.0,59.5,0.0013,197,33.8,52.3
web-08,2026-07-14T14:27:00Z,23.7,1.86,0.0,59.3,0.0027,155,30.4,53.1
app-01,2026-07-14T14:27:00Z,13.3,0.95,0.0,44.9,0.001,139,39.4,54.8
app-02,2026-07-14T14:27:00Z,15.0,1.15,0.0,51.3,0.0013,115,38.4,59.5
app-03,2026-07-14T14:27:00Z,17.7,0.63,0.0,51.9,0.0015,128,41.3,58.3
app-04,2026-07-14T14:27:00Z,15.7,0.84,0.0,50.8,0.0017,102,39.6,54.1
app-05,2026-07-14T14:27:00Z,17.5,0.84,0.0,52.0,0.002,129,40.0,58.0
app-06,2026-07-14T14:27:00Z,17.4,0.89,0.0,52.0,0.0018,110,37.5,54.4
app-07,2026-07-14T14:27:00Z,14.5,1.29,0.0,43.8,0.0019,140,43.8,58.3
app-08,2026-07-14T14:27:00Z,15.3,1.5,0.0,43.5,0.0019,116,40.4,59.7
app-09,2026-07-14T14:27:00Z,17.0,1.16,0.0,48.6,0.0014,131,40.1,56.3
app-10,2026-07-14T14:27:00Z,13.6,0.96,0.0,46.5,0.0018,140,39.7,58.0
db-01,2026-07-14T14:27:00Z,4.6,0.77,0.0,95.5,0.002,101,40.0,59.4
db-02,2026-07-14T14:27:00Z,4.26,0.27,0.0,37.0,0.0007,38,26.8,56.3
cache-01,2026-07-14T14:27:00Z,0.99,0.13,0.0,126.6,0.0009,284,15.6,44.3
cache-02,2026-07-14T14:27:00Z,0.67,0.17,0.0,119.3,0.0005,312,16.1,83.4
mq-01,2026-07-14T14:27:00Z,2.11,0.25,0.0,35.4,0.0009,91,14.1,34.6
dns-01,2026-07-14T14:27:00Z,0.48,0.24,0.0,35.7,0.0007,218,8.4,19.8
fw-01,2026-07-14T14:27:30Z,0.76,0.1,0.0,6751.0,0.0003,1778,33.7,39.7
lb-01,2026-07-14T14:27:30Z,1.98,0.27,0.0,546.1,0.001,2541,25.3,37.4
core-sw-01,2026-07-14T14:27:30Z,0.47,0.12,0.0,7098.5,0.0005,1388,22.0,33.0
tor-sw-01,2026-07-14T14:27:30Z,0.44,0.09,0.0,2404.3,0.0005,977,22.1,29.2
tor-sw-02,2026-07-14T14:27:30Z,0.36,0.11,0.0,2361.0,0.0003,971,22.3,31.0
tor-sw-03,2026-07-14T14:27:30Z,0.32,0.11,0.0,2433.6,0.0005,984,20.8,28.7
web-01,2026-07-14T14:27:30Z,24.9,2.5,0.0,58.1,0.0028,183,34.6,51.8
web-02,2026-07-14T14:27:30Z,23.2,1.15,0.0,55.4,0.0026,189,32.9,50.7
web-03,2026-07-14T14:27:30Z,22.3,2.06,0.0,60.3,0.0023,177,35.4,53.8
web-04,2026-07-14T14:27:30Z,21.6,1.67,0.0,64.2,0.0018,196,30.6,54.0
web-05,2026-07-14T14:27:30Z,25.7,2.29,0.0,60.0,0.0015,173,30.5,48.7
web-06,2026-07-14T14:27:30Z,24.8,1.13,0.0,58.5,0.0019,175,31.8,51.2
web-07,2026-07-14T14:27:30Z,22.7,1.44,0.0,66.8,0.0029,185,33.6,51.9
web-08,2026-07-14T14:27:30Z,26.2,2.01,0.0,57.2,0.0024,192,33.4,47.7
app-01,2026-07-14T14:27:30Z,15.5,0.83,0.0,50.4,0.001,141,38.9,54.7
app-02,2026-07-14T14:27:30Z,17.6,1.02,0.0,45.6,0.002,100,37.6,58.5
app-03,2026-07-14T14:27:30Z,14.9,1.6,0.0,43.6,0.0013,135,39.6,59.2
app-04,2026-07-14T14:27:30Z,16.6,0.82,0.0,45.3,0.001,139,45.0,58.5
app-05,2026-07-14T14:27:30Z,16.0,1.62,0.0,45.3,0.0019,121,43.3,54.4
app-06,2026-07-14T14:27:30Z,13.6,1.77,0.0,51.1,0.0012,126,40.9,54.4
app-07,2026-07-14T14:27:30Z,14.5,1.72,0.0,45.8,0.0013,120,41.7,58.9
app-08,2026-07-14T14:27:30Z,14.2,1.09,0.0,51.9,0.002,113,37.6,55.8
app-09,2026-07-14T14:27:30Z,17.0,0.72,0.0,46.4,0.002,119,40.2,56.6
app-10,2026-07-14T14:27:30Z,17.3,1.44,0.0,52.3,0.0009,119,43.7,57.3
db-01,2026-07-14T14:27:30Z,5.4,0.52,0.0,90.6,0.0016,104,39.5,59.3
db-02,2026-07-14T14:27:30Z,4.2,0.27,0.0,33.2,0.0007,37,27.9,57.1
cache-01,2026-07-14T14:27:30Z,0.77,0.15,0.0,126.0,0.0009,297,18.8,43.5
cache-02,2026-07-14T14:27:30Z,0.7,0.11,0.0,129.7,0.0004,284,20.3,82.0
mq-01,2026-07-14T14:27:30Z,2.35,0.19,0.0,39.2,0.0005,92,17.4,35.5
dns-01,2026-07-14T14:27:30Z,0.7,0.14,0.0,30.1,0.0004,256,10.2,18.5
fw-01,2026-07-14T14:28:00Z,0.78,0.11,0.0,6328.2,0.0003,1979,34.1,39.7
lb-01,2026-07-14T14:28:00Z,1.53,0.23,0.0,560.0,0.0015,2548,30.8,36.3
core-sw-01,2026-07-14T14:28:00Z,0.49,0.06,0.0,7187.1,0.0004,1542,19.3,33.0
tor-sw-01,2026-07-14T14:28:00Z,0.36,0.07,0.0,2539.5,0.0004,948,16.3,31.2
tor-sw-02,2026-07-14T14:28:00Z,0.38,0.11,0.0,2326.5,0.0005,969,16.4,31.9
tor-sw-03,2026-07-14T14:28:00Z,0.44,0.07,0.0,2272.0,0.0005,961,21.4,31.2
web-01,2026-07-14T14:28:00Z,26.0,1.55,0.0,60.3,0.0025,198,37.2,48.0
web-02,2026-07-14T14:28:00Z,22.6,1.5,0.0,60.9,0.0017,154,36.2,54.1
web-03,2026-07-14T14:28:00Z,23.2,2.01,0.0,59.0,0.0014,176,30.6,50.9
web-04,2026-07-14T14:28:00Z,25.5,2.48,0.0,61.0,0.0019,203,36.7,52.7
web-05,2026-07-14T14:28:00Z,25.3,1.13,0.0,58.4,0.0018,160,31.4,53.0
web-06,2026-07-14T14:28:00Z,21.9,1.81,0.0,56.4,0.0018,208,38.0,52.4
web-07,2026-07-14T14:28:00Z,24.2,1.97,0.0,60.9,0.0024,156,34.0,52.7
web-08,2026-07-14T14:28:00Z,22.6,1.16,0.0,61.4,0.0014,192,36.2,47.1
app-01,2026-07-14T14:28:00Z,13.3,1.35,0.0,45.5,0.0019,136,39.3,59.2
app-02,2026-07-14T14:28:00Z,15.1,1.26,0.0,49.1,0.0018,109,46.0,57.0
app-03,2026-07-14T14:28:00Z,14.5,1.38,0.0,43.9,0.002,121,38.5,55.8
app-04,2026-07-14T14:28:00Z,15.3,1.56,0.0,44.3,0.0012,130,37.1,56.4
app-05,2026-07-14T14:28:00Z,14.2,1.27,0.0,48.4,0.0017,135,36.7,56.7
app-06,2026-07-14T14:28:00Z,13.4,1.24,0.0,50.3,0.0013,121,40.2,56.8
app-07,2026-07-14T14:28:00Z,14.1,1.73,0.0,49.6,0.0013,103,40.3,55.9
app-08,2026-07-14T14:28:00Z,16.5,1.77,0.0,47.2,0.0012,114,44.6,58.8
app-09,2026-07-14T14:28:00Z,17.4,1.54,0.0,51.1,0.0018,106,44.7,57.5
app-10,2026-07-14T14:28:00Z,17.5,1.32,0.0,46.0,0.0015,141,40.1,54.8
db-01,2026-07-14T14:28:00Z,5.1,0.33,0.0,95.7,0.0018,123,44.2,61.2
db-02,2026-07-14T14:28:00Z,4.55,0.28,0.0,36.5,0.0004,37,25.2,53.9
cache-01,2026-07-14T14:28:00Z,0.83,0.1,0.0,130.2,0.0007,312,19.8,43.0
cache-02,2026-07-14T14:28:00Z,0.95,0.09,0.0,114.3,0.0002,326,18.4,81.5
mq-01,2026-07-14T14:28:00Z,2.01,0.29,0.0,28.2,0.0011,81,19.6,31.7
dns-01,2026-07-14T14:28:00Z,0.55,0.27,0.0,33.0,0.0009,225,10.5,20.2
fw-01,2026-07-14T14:28:30Z,0.84,0.11,0.0,6628.3,0.0003,1931,31.9,41.7
lb-01,2026-07-14T14:28:30Z,2.17,0.24,0.0,587.1,0.0008,2432,26.6,36.7
core-sw-01,2026-07-14T14:28:30Z,0.47,0.08,0.0,7391.2,0.0004,1371,20.6,33.0
tor-sw-01,2026-07-14T14:28:30Z,0.32,0.09,0.0,2454.2,0.0002,998,21.8,31.0
tor-sw-02,2026-07-14T14:28:30Z,0.35,0.12,0.0,2453.6,0.0006,1034,19.1,30.7
tor-sw-03,2026-07-14T14:28:30Z,0.41,0.07,0.0,2519.4,0.0002,1016,18.3,33.4
web-01,2026-07-14T14:28:30Z,25.8,2.31,0.0,60.4,0.0028,203,38.4,51.4
web-02,2026-07-14T14:28:30Z,23.6,2.03,0.0,61.9,0.002,162,38.8,49.8
web-03,2026-07-14T14:28:30Z,26.1,2.15,0.0,59.9,0.0018,176,36.3,54.5
web-04,2026-07-14T14:28:30Z,26.1,1.58,0.0,63.1,0.0016,202,31.4,52.9
web-05,2026-07-14T14:28:30Z,22.9,1.83,0.0,59.3,0.0026,176,38.1,51.1
web-06,2026-07-14T14:28:30Z,24.5,1.31,0.0,56.2,0.0017,204,29.8,52.8
web-07,2026-07-14T14:28:30Z,21.7,2.0,0.0,68.7,0.0024,160,37.4,51.5
web-08,2026-07-14T14:28:30Z,23.7,1.72,0.0,67.0,0.0027,182,32.7,49.8
app-01,2026-07-14T14:28:30Z,16.7,1.76,0.0,51.9,0.0016,112,44.9,55.4
app-02,2026-07-14T14:28:30Z,14.1,1.68,0.0,43.5,0.0013,98,43.2,58.6
app-03,2026-07-14T14:28:30Z,15.5,1.4,0.0,43.1,0.0014,107,40.1,55.1
app-04,2026-07-14T14:28:30Z,16.4,0.93,0.0,51.4,0.002,125,41.4,54.7
app-05,2026-07-14T14:28:30Z,15.1,1.54,0.0,51.9,0.0019,125,36.0,54.1
app-06,2026-07-14T14:28:30Z,13.0,1.62,0.0,44.6,0.0012,139,42.9,59.7
app-07,2026-07-14T14:28:30Z,14.7,1.24,0.0,47.1,0.0011,134,45.1,58.2
app-08,2026-07-14T14:28:30Z,13.0,0.66,0.0,51.9,0.0018,123,38.3,56.9
app-09,2026-07-14T14:28:30Z,17.9,1.42,0.0,52.9,0.001,125,39.0,57.2
app-10,2026-07-14T14:28:30Z,13.9,1.4,0.0,51.5,0.0021,111,36.6,54.9
db-01,2026-07-14T14:28:30Z,4.8,0.5,0.0,91.9,0.0017,110,42.3,59.4
db-02,2026-07-14T14:28:30Z,3.49,0.19,0.0,35.3,0.0007,39,24.6,55.8
cache-01,2026-07-14T14:28:30Z,0.66,0.09,0.0,114.4,0.0009,307,16.0,45.6
cache-02,2026-07-14T14:28:30Z,0.9,0.11,0.0,126.6,0.0009,282,18.0,81.7
mq-01,2026-07-14T14:28:30Z,2.04,0.26,0.0,30.6,0.0008,80,17.2,35.1
dns-01,2026-07-14T14:28:30Z,0.55,0.29,0.0,38.8,0.0004,257,10.0,20.9
fw-01,2026-07-14T14:29:00Z,0.78,0.1,0.0,6561.5,0.0006,1932,33.8,41.2
lb-01,2026-07-14T14:29:00Z,1.92,0.33,0.0,600.2,0.0012,2481,25.3,40.1
core-sw-01,2026-07-14T14:29:00Z,0.41,0.11,0.0,7229.8,0.0003,1487,25.5,32.6
tor-sw-01,2026-07-14T14:29:00Z,0.36,0.06,0.0,2537.3,0.0006,962,19.2,31.5
tor-sw-02,2026-07-14T14:29:00Z,0.32,0.08,0.0,2351.2,0.0005,917,18.7,31.2
tor-sw-03,2026-07-14T14:29:00Z,0.33,0.08,0.0,2459.2,0.0003,983,18.6,31.7
web-01,2026-07-14T14:29:00Z,24.4,1.65,0.0,66.2,0.0018,207,35.4,51.9
web-02,2026-07-14T14:29:00Z,23.7,2.24,0.0,63.5,0.0016,195,30.5,48.0
web-03,2026-07-14T14:29:00Z,20.8,1.34,0.0,65.6,0.0017,201,30.2,54.8
web-04,2026-07-14T14:29:00Z,21.1,1.59,0.0,58.4,0.0023,157,38.4,48.7
web-05,2026-07-14T14:29:00Z,25.3,1.3,0.0,63.1,0.0017,165,35.0,54.4
web-06,2026-07-14T14:29:00Z,22.4,1.67,0.0,61.5,0.0019,175,32.1,52.1
web-07,2026-07-14T14:29:00Z,22.4,1.72,0.0,67.8,0.0015,194,33.4,48.7
web-08,2026-07-14T14:29:00Z,20.5,1.32,0.0,56.2,0.0028,161,30.0,51.7
app-01,2026-07-14T14:29:00Z,13.1,1.34,0.0,49.4,0.0013,102,36.0,58.0
app-02,2026-07-14T14:29:00Z,17.6,1.38,0.0,43.0,0.0018,114,42.6,58.2
app-03,2026-07-14T14:29:00Z,14.2,1.5,0.0,44.7,0.0011,98,36.7,58.3
app-04,2026-07-14T14:29:00Z,16.3,1.18,0.0,50.2,0.0017,129,43.6,57.5
app-05,2026-07-14T14:29:00Z,13.5,1.53,0.0,51.9,0.0016,136,39.1,55.2
app-06,2026-07-14T14:29:00Z,14.1,1.13,0.0,47.7,0.0013,116,42.7,56.0
app-07,2026-07-14T14:29:00Z,14.3,1.51,0.0,50.3,0.0009,104,36.2,58.0
app-08,2026-07-14T14:29:00Z,13.0,0.91,0.0,52.2,0.0009,126,41.2,58.6
app-09,2026-07-14T14:29:00Z,15.3,1.46,0.0,44.9,0.0017,137,37.9,56.2
app-10,2026-07-14T14:29:00Z,14.3,1.69,0.0,47.6,0.0016,102,39.7,55.7
db-01,2026-07-14T14:29:00Z,5.0,0.41,0.0,92.9,0.001,122,44.9,61.6
db-02,2026-07-14T14:29:00Z,3.52,0.16,0.0,33.8,0.0004,40,24.4,54.2
cache-01,2026-07-14T14:29:00Z,0.68,0.16,0.0,104.7,0.0007,334,15.6,42.7
cache-02,2026-07-14T14:29:00Z,0.98,0.18,0.0,121.9,0.0006,316,20.3,84.9
mq-01,2026-07-14T14:29:00Z,2.11,0.24,0.0,39.3,0.0004,86,19.5,34.5
dns-01,2026-07-14T14:29:00Z,0.71,0.16,0.0,33.1,0.0004,233,9.3,21.6
fw-01,2026-07-14T14:29:30Z,0.94,0.07,0.0,6142.9,0.0002,1851,29.1,42.1
lb-01,2026-07-14T14:29:30Z,1.56,0.24,0.0,599.0,0.0015,2429,29.4,40.2
core-sw-01,2026-07-14T14:29:30Z,0.49,0.07,0.0,6770.7,0.0005,1558,24.2,35.6
tor-sw-01,2026-07-14T14:29:30Z,0.36,0.08,0.0,2452.6,0.0005,916,19.0,32.1
tor-sw-02,2026-07-14T14:29:30Z,0.42,0.11,0.0,2366.0,0.0004,997,20.2,29.3
tor-sw-03,2026-07-14T14:29:30Z,0.39,0.08,0.0,2332.5,0.0003,1022,19.1,31.2
web-01,2026-07-14T14:29:30Z,22.9,1.88,0.0,64.0,0.0024,208,37.7,47.4
web-02,2026-07-14T14:29:30Z,24.3,2.41,0.0,60.5,0.0015,160,33.8,48.3
web-03,2026-07-14T14:29:30Z,25.1,1.18,0.0,66.9,0.0013,207,36.1,51.2
web-04,2026-07-14T14:29:30Z,21.4,2.24,0.0,60.8,0.0022,167,32.1,50.7
web-05,2026-07-14T14:29:30Z,26.2,2.33,0.0,68.4,0.0026,174,38.5,47.2
web-06,2026-07-14T14:29:30Z,26.0,1.47,0.0,67.6,0.0018,163,37.6,54.4
web-07,2026-07-14T14:29:30Z,21.3,2.37,0.0,68.1,0.0022,170,29.5,50.0
web-08,2026-07-14T14:29:30Z,25.5,1.5,0.0,60.6,0.0021,187,38.5,49.1
app-01,2026-07-14T14:29:30Z,16.0,1.51,0.0,51.7,0.0018,123,36.3,58.1
app-02,2026-07-14T14:29:30Z,17.2,1.04,0.0,48.4,0.0019,113,40.7,58.1
app-03,2026-07-14T14:29:30Z,14.3,0.99,0.0,43.3,0.0014,107,38.3,59.9
app-04,2026-07-14T14:29:30Z,16.5,1.06,0.0,44.8,0.0014,139,36.8,56.2
app-05,2026-07-14T14:29:30Z,16.6,1.65,0.0,51.6,0.0012,141,42.1,58.3
app-06,2026-07-14T14:29:30Z,13.5,1.33,0.0,49.7,0.0016,123,42.7,58.8
app-07,2026-07-14T14:29:30Z,15.9,1.63,0.0,51.1,0.0013,118,36.5,58.0
app-08,2026-07-14T14:29:30Z,15.4,0.89,0.0,49.9,0.0016,131,42.7,56.4
app-09,2026-07-14T14:29:30Z,13.9,1.74,0.0,44.5,0.0018,135,43.1,58.9
app-10,2026-07-14T14:29:30Z,16.3,1.12,0.0,48.4,0.0019,128,41.8,57.3
db-01,2026-07-14T14:29:30Z,5.5,0.4,0.0,99.5,0.0014,122,44.2,59.9
db-02,2026-07-14T14:29:30Z,4.84,0.29,0.0,34.6,0.0007,41,23.4,55.2
cache-01,2026-07-14T14:29:30Z,0.8,0.13,0.0,114.9,0.0003,300,21.7,45.6
cache-02,2026-07-14T14:29:30Z,0.92,0.19,0.0,122.3,0.0005,295,22.9,83.0
mq-01,2026-07-14T14:29:30Z,2.56,0.26,0.0,32.9,0.001,80,19.8,32.8
dns-01,2026-07-14T14:29:30Z,0.66,0.28,0.0,29.2,0.0009,234,6.9,20.3
fw-01,2026-07-14T14:30:00Z,0.93,0.11,0.0,6453.9,0.0005,1954,30.2,42.5
lb-01,2026-07-14T14:30:00Z,1.91,0.27,0.0,549.6,0.0014,2444,24.3,40.2
core-sw-01,2026-07-14T14:30:00Z,0.36,0.07,0.0,7489.0,0.0002,1463,25.1,31.6
tor-sw-01,2026-07-14T14:30:00Z,0.36,0.09,0.0,2518.4,0.0003,1051,21.1,29.2
tor-sw-02,2026-07-14T14:30:00Z,0.33,0.1,0.0,2429.6,0.0005,929,16.0,29.9
tor-sw-03,2026-07-14T14:30:00Z,0.33,0.12,0.0,2445.5,0.0005,916,20.5,32.5
web-01,2026-07-14T14:30:00Z,25.6,2.38,0.0,61.9,0.0028,184,34.7,50.0
web-02,2026-07-14T14:30:00Z,23.9,2.15,0.0,59.2,0.0024,174,30.2,48.2
web-03,2026-07-14T14:30:00Z,22.7,2.0,0.0,59.0,0.0017,179,29.9,51.7
web-04,2026-07-14T14:30:00Z,24.2,2.24,0.0,60.1,0.0024,193,29.5,49.0
web-05,2026-07-14T14:30:00Z,25.7,1.8,0.0,65.0,0.0026,179,38.5,49.0
web-06,2026-07-14T14:30:00Z,24.5,2.43,0.0,67.0,0.0019,158,30.9,48.7
web-07,2026-07-14T14:30:00Z,23.0,2.03,0.0,67.9,0.0025,181,32.3,51.6
web-08,2026-07-14T14:30:00Z,22.1,1.75,0.0,59.4,0.0024,155,31.9,50.0
app-01,2026-07-14T14:30:00Z,14.3,1.1,0.0,46.6,0.0014,141,44.4,59.5
app-02,2026-07-14T14:30:00Z,15.7,1.2,0.0,47.9,0.002,101,40.0,56.6
app-03,2026-07-14T14:30:00Z,13.3,1.33,0.0,51.7,0.0009,111,36.6,57.6
app-04,2026-07-14T14:30:00Z,16.6,1.44,0.0,47.5,0.002,112,40.8,55.3
app-05,2026-07-14T14:30:00Z,16.7,1.58,0.0,47.8,0.002,125,43.0,55.1
app-06,2026-07-14T14:30:00Z,15.3,1.48,0.0,52.6,0.0014,117,45.7,57.5
app-07,2026-07-14T14:30:00Z,16.0,0.87,0.0,45.8,0.002,125,40.7,57.2
app-08,2026-07-14T14:30:00Z,15.8,1.42,0.0,50.1,0.0016,111,41.9,55.8
app-09,2026-07-14T14:30:00Z,15.2,1.34,0.0,43.7,0.0015,114,42.4,58.9
app-10,2026-07-14T14:30:00Z,13.6,1.48,0.0,51.8,0.001,115,36.8,57.5
db-01,2026-07-14T14:30:00Z,5.2,0.9,0.0,90.6,0.0019,112,45.0,61.7
db-02,2026-07-14T14:30:00Z,4.09,0.28,0.0,31.9,0.0005,34,26.9,53.9
cache-01,2026-07-14T14:30:00Z,0.98,0.17,0.0,119.9,0.0005,302,18.8,42.8
cache-02,2026-07-14T14:30:00Z,0.71,0.1,0.0,115.2,0.0009,327,17.2,84.1
mq-01,2026-07-14T14:30:00Z,2.42,0.2,0.0,31.9,0.0005,88,18.5,31.4
dns-01,2026-07-14T14:30:00Z,0.53,0.28,0.0,28.9,0.0004,246,10.8,23.4
fw-01,2026-07-14T14:30:30Z,1.03,0.12,0.0,6428.4,0.0006,1757,30.7,43.8
lb-01,2026-07-14T14:30:30Z,1.41,0.31,0.0,546.4,0.0015,2376,24.3,39.6
core-sw-01,2026-07-14T14:30:30Z,0.4,0.11,0.0,7130.8,0.0005,1423,19.4,35.6
tor-sw-01,2026-07-14T14:30:30Z,0.38,0.08,0.0,2320.1,0.0003,904,18.9,29.0
tor-sw-02,2026-07-14T14:30:30Z,0.35,0.07,0.0,2293.1,0.0004,999,18.4,33.0
tor-sw-03,2026-07-14T14:30:30Z,0.38,0.11,0.0,2355.9,0.0003,993,17.3,30.2
web-01,2026-07-14T14:30:30Z,24.5,1.93,0.0,61.7,0.0019,207,32.7,48.0
web-02,2026-07-14T14:30:30Z,24.0,1.12,0.0,56.9,0.0021,198,31.4,49.2
web-03,2026-07-14T14:30:30Z,23.8,1.45,0.0,61.0,0.0026,191,35.9,54.6
web-04,2026-07-14T14:30:30Z,25.9,1.59,0.0,67.5,0.0023,155,31.1,50.4
web-05,2026-07-14T14:30:30Z,24.2,2.46,0.0,62.7,0.0015,174,32.2,47.3
web-06,2026-07-14T14:30:30Z,26.1,1.21,0.0,60.0,0.0018,188,33.4,50.5
web-07,2026-07-14T14:30:30Z,22.4,1.77,0.0,68.3,0.0017,175,37.1,47.8
web-08,2026-07-14T14:30:30Z,21.5,2.44,0.0,66.8,0.0029,205,38.4,54.2
app-01,2026-07-14T14:30:30Z,13.8,1.07,0.0,50.3,0.0017,112,40.7,56.9
app-02,2026-07-14T14:30:30Z,16.2,1.12,0.0,46.4,0.0012,114,36.8,54.1
app-03,2026-07-14T14:30:30Z,16.1,0.64,0.0,45.7,0.0015,120,39.8,54.8
app-04,2026-07-14T14:30:30Z,16.1,1.62,0.0,44.7,0.0017,138,36.2,57.5
app-05,2026-07-14T14:30:30Z,13.5,0.89,0.0,45.9,0.0014,138,37.9,58.7
app-06,2026-07-14T14:30:30Z,16.1,1.23,0.0,47.6,0.0014,125,39.3,59.6
app-07,2026-07-14T14:30:30Z,16.9,1.17,0.0,52.7,0.0011,112,37.0,56.3
app-08,2026-07-14T14:30:30Z,17.1,1.59,0.0,47.7,0.0014,107,38.0,57.1
app-09,2026-07-14T14:30:30Z,13.2,1.17,0.0,43.2,0.0014,102,37.8,57.9
app-10,2026-07-14T14:30:30Z,14.4,1.24,0.0,46.1,0.002,128,39.7,58.4
db-01,2026-07-14T14:30:30Z,4.7,0.55,0.0,96.0,0.0014,118,43.7,62.9
db-02,2026-07-14T14:30:30Z,3.78,0.21,0.0,38.1,0.0004,41,23.8,54.3
cache-01,2026-07-14T14:30:30Z,0.87,0.11,0.0,108.4,0.0005,283,19.4,44.1
cache-02,2026-07-14T14:30:30Z,0.86,0.18,0.0,120.3,0.0006,313,16.4,83.6
mq-01,2026-07-14T14:30:30Z,2.42,0.25,0.0,28.4,0.0008,83,14.2,34.9
dns-01,2026-07-14T14:30:30Z,0.48,0.14,0.0,30.7,0.0005,256,8.0,21.7
fw-01,2026-07-14T14:31:00Z,0.75,0.1,0.0,6294.0,0.0005,2047,34.4,43.7
lb-01,2026-07-14T14:31:00Z,1.94,0.32,0.0,558.0,0.001,2368,29.4,37.4
core-sw-01,2026-07-14T14:31:00Z,0.41,0.11,0.0,7611.1,0.0005,1451,24.2,36.1
tor-sw-01,2026-07-14T14:31:00Z,0.33,0.11,0.0,2344.2,0.0006,999,19.8,28.7
tor-sw-02,2026-07-14T14:31:00Z,0.36,0.09,0.0,2516.7,0.0003,1033,20.2,32.6
tor-sw-03,2026-07-14T14:31:00Z,0.41,0.07,0.0,2299.3,0.0004,924,20.9,31.0
web-01,2026-07-14T14:31:00Z,24.4,2.07,0.0,56.3,0.0022,155,34.1,49.7
web-02,2026-07-14T14:31:00Z,23.7,1.59,0.0,65.1,0.0026,172,31.6,47.8
web-03,2026-07-14T14:31:00Z,23.6,1.7,0.0,58.9,0.0016,162,33.0,50.3
web-04,2026-07-14T14:31:00Z,21.7,1.27,0.0,63.2,0.0022,192,37.0,48.2
web-05,2026-07-14T14:31:00Z,21.5,2.12,0.0,63.1,0.0024,172,33.2,54.9
web-06,2026-07-14T14:31:00Z,26.2,1.8,0.0,68.2,0.002,167,31.1,49.2
web-07,2026-07-14T14:31:00Z,23.4,2.14,0.0,61.9,0.0029,188,31.1,53.2
web-08,2026-07-14T14:31:00Z,24.3,2.03,0.0,61.5,0.0021,181,29.2,52.8
app-01,2026-07-14T14:31:00Z,17.3,0.72,0.0,49.5,0.0019,133,42.5,56.7
app-02,2026-07-14T14:31:00Z,16.0,1.64,0.0,47.3,0.0014,132,43.8,58.1
app-03,2026-07-14T14:31:00Z,13.3,1.67,0.0,50.3,0.0015,108,42.6,57.3
app-04,2026-07-14T14:31:00Z,17.8,0.83,0.0,44.6,0.0013,106,40.8,55.4
app-05,2026-07-14T14:31:00Z,17.8,1.36,0.0,50.8,0.0017,130,44.5,56.3
app-06,2026-07-14T14:31:00Z,13.3,1.18,0.0,44.6,0.0013,120,43.6,58.7
app-07,2026-07-14T14:31:00Z,13.6,1.27,0.0,49.2,0.0012,112,36.7,58.9
app-08,2026-07-14T14:31:00Z,14.7,1.64,0.0,51.3,0.001,103,43.0,55.1
app-09,2026-07-14T14:31:00Z,16.6,0.99,0.0,49.3,0.0009,123,40.7,58.7
app-10,2026-07-14T14:31:00Z,15.5,1.47,0.0,43.0,0.0014,112,36.9,58.9
db-01,2026-07-14T14:31:00Z,4.7,0.49,0.0,92.9,0.0015,137,40.1,61.5
db-02,2026-07-14T14:31:00Z,4.15,0.3,0.0,29.4,0.0009,36,23.0,56.4
cache-01,2026-07-14T14:31:00Z,0.99,0.13,0.0,112.8,0.0004,335,22.1,46.3
cache-02,2026-07-14T14:31:00Z,4.2,0.16,0.0,107.7,0.0008,290,16.6,84.6
mq-01,2026-07-14T14:31:00Z,2.12,0.3,0.0,34.9,0.0008,94,16.6,32.9
dns-01,2026-07-14T14:31:00Z,0.65,0.27,0.0,29.4,0.0006,218,10.9,18.8
fw-01,2026-07-14T14:31:30Z,0.91,0.07,0.0,6523.2,0.0005,1829,29.7,42.2
lb-01,2026-07-14T14:31:30Z,1.7,0.19,0.0,584.3,0.0007,2488,27.5,35.5
core-sw-01,2026-07-14T14:31:30Z,0.43,0.08,0.0,7160.4,0.0005,1545,19.9,33.3
tor-sw-01,2026-07-14T14:31:30Z,0.38,0.08,0.0,2524.3,0.0002,984,21.2,29.0
tor-sw-02,2026-07-14T14:31:30Z,0.44,0.09,0.0,2445.1,0.0006,1011,17.6,30.1
tor-sw-03,2026-07-14T14:31:30Z,0.34,0.07,0.0,2375.2,0.0006,1012,16.2,30.2
web-01,2026-07-14T14:31:30Z,20.9,1.52,0.0,57.0,0.0013,163,31.8,50.1
web-02,2026-07-14T14:31:30Z,25.4,1.78,0.0,60.6,0.0017,187,30.9,54.1
web-03,2026-07-14T14:31:30Z,21.4,2.32,0.0,63.0,0.0014,154,36.1,54.8
web-04,2026-07-14T14:31:30Z,22.3,1.75,0.0,68.9,0.0027,193,31.6,48.6
web-05,2026-07-14T14:31:30Z,22.3,1.43,0.0,63.8,0.0015,158,37.9,48.7
web-06,2026-07-14T14:31:30Z,21.5,2.01,0.0,56.2,0.0018,188,36.2,51.8
web-07,2026-07-14T14:31:30Z,24.7,1.14,0.0,57.6,0.0022,167,36.8,54.7
web-08,2026-07-14T14:31:30Z,26.4,1.67,0.0,67.1,0.0027,204,37.8,52.1
app-01,2026-07-14T14:31:30Z,15.9,1.39,0.0,44.7,0.0015,103,44.0,56.4
app-02,2026-07-14T14:31:30Z,17.8,1.19,0.0,45.1,0.0012,141,40.0,59.8
app-03,2026-07-14T14:31:30Z,15.9,1.09,0.0,48.0,0.0015,109,41.1,55.4
app-04,2026-07-14T14:31:30Z,15.1,0.95,0.0,44.2,0.001,106,36.0,56.1
app-05,2026-07-14T14:31:30Z,17.4,1.21,0.0,50.6,0.0012,141,45.3,59.5
app-06,2026-07-14T14:31:30Z,15.0,1.33,0.0,45.0,0.0012,119,40.6,56.4
app-07,2026-07-14T14:31:30Z,16.8,1.08,0.0,52.0,0.0014,122,40.1,55.2
app-08,2026-07-14T14:31:30Z,16.1,0.88,0.0,49.5,0.001,129,40.4,58.8
app-09,2026-07-14T14:31:30Z,15.4,1.33,0.0,48.9,0.0016,122,43.3,58.9
app-10,2026-07-14T14:31:30Z,14.5,1.6,0.0,53.0,0.001,136,45.3,54.5
db-01,2026-07-14T14:31:30Z,8.9,0.76,0.0,96.3,0.001,150,44.0,61.0
db-02,2026-07-14T14:31:30Z,3.75,0.18,0.0,29.7,0.0005,34,27.2,53.1
cache-01,2026-07-14T14:31:30Z,0.77,0.13,0.0,125.2,0.0004,304,22.2,44.3
cache-02,2026-07-14T14:31:30Z,3.1,0.16,0.0,119.1,0.0006,336,22.4,82.2
mq-01,2026-07-14T14:31:30Z,1.84,0.16,0.0,30.7,0.0008,94,15.1,33.7
dns-01,2026-07-14T14:31:30Z,0.5,0.24,0.0,39.8,0.0008,252,7.3,21.4
fw-01,2026-07-14T14:32:00Z,0.98,0.11,0.0,5704.9,0.0006,2041,32.4,41.7
lb-01,2026-07-14T14:32:00Z,3.67,0.21,0.0,212.8,0.0307,3217,26.3,35.3
core-sw-01,2026-07-14T14:32:00Z,0.45,0.09,0.0,6015.3,0.0002,1486,20.3,31.8
tor-sw-01,2026-07-14T14:32:00Z,0.37,0.07,0.0,2033.7,0.0003,942,17.7,33.5
tor-sw-02,2026-07-14T14:32:00Z,0.43,0.1,0.0,2057.7,0.0006,1016,18.9,31.8
tor-sw-03,2026-07-14T14:32:00Z,0.34,0.06,0.0,2020.0,0.0006,1036,17.1,32.0
web-01,2026-07-14T14:32:00Z,37.1,8.86,0.0,33.2,0.0069,215,38.3,52.7
web-02,2026-07-14T14:32:00Z,43.2,9.57,0.0,28.8,0.0092,247,42.4,47.1
web-03,2026-07-14T14:32:00Z,33.5,8.91,0.0,20.5,0.009,218,39.4,51.3
web-04,2026-07-14T14:32:00Z,33.0,8.37,0.0,30.9,0.0114,248,39.0,47.5
web-05,2026-07-14T14:32:00Z,39.0,9.0,0.0,29.1,0.0094,259,41.4,48.0
web-06,2026-07-14T14:32:00Z,38.5,8.28,0.0,33.4,0.0062,232,42.1,47.8
web-07,2026-07-14T14:32:00Z,34.3,8.6,0.0,26.9,0.0105,213,44.9,54.8
web-08,2026-07-14T14:32:00Z,35.4,9.18,0.0,24.6,0.0096,221,41.4,53.9
app-01,2026-07-14T14:32:00Z,49.4,6.95,0.0,22.8,0.0143,176,49.7,56.7
app-02,2026-07-14T14:32:00Z,43.7,6.05,0.0,17.9,0.0152,160,45.1,58.9
app-03,2026-07-14T14:32:00Z,40.5,6.54,0.0,21.8,0.0103,181,49.3,54.4
app-04,2026-07-14T14:32:00Z,47.0,6.52,0.0,24.6,0.0138,181,50.6,56.0
app-05,2026-07-14T14:32:00Z,48.9,6.09,0.0,20.3,0.0142,153,47.3,59.8
app-06,2026-07-14T14:32:00Z,46.6,6.75,0.0,23.0,0.0118,161,46.4,57.2
app-07,2026-07-14T14:32:00Z,43.0,6.17,0.0,24.5,0.0148,170,51.2,57.4
app-08,2026-07-14T14:32:00Z,48.7,6.93,0.0,19.6,0.01,182,47.7,59.0
app-09,2026-07-14T14:32:00Z,49.0,6.59,0.0,24.6,0.0171,150,48.4,57.1
app-10,2026-07-14T14:32:00Z,44.0,6.57,0.0,17.5,0.015,183,45.3,59.6
db-01,2026-07-14T14:32:00Z,47.3,2.95,0.0,42.4,0.019,150,70.4,61.9
db-02,2026-07-14T14:32:00Z,4.33,0.14,0.0,28.2,0.0005,37,27.1,52.6
cache-01,2026-07-14T14:32:00Z,0.93,0.15,0.0,105.6,0.0003,360,19.5,45.3
cache-02,2026-07-14T14:32:00Z,1.2,0.12,0.0,122.6,0.0006,357,18.1,80.3
mq-01,2026-07-14T14:32:00Z,2.56,0.29,0.0,31.2,0.0004,79,19.6,32.0
dns-01,2026-07-14T14:32:00Z,0.66,0.24,0.0,35.6,0.0007,238,10.1,19.0
fw-01,2026-07-14T14:32:30Z,0.78,0.07,0.0,5165.8,0.0004,2019,33.3,40.9
lb-01,2026-07-14T14:32:30Z,3.73,0.18,0.0,275.8,0.0311,3106,29.9,35.4
core-sw-01,2026-07-14T14:32:30Z,0.37,0.12,0.0,6566.7,0.0005,1431,25.2,32.4
tor-sw-01,2026-07-14T14:32:30Z,0.33,0.11,0.0,1972.6,0.0002,1000,19.8,29.3
tor-sw-02,2026-07-14T14:32:30Z,0.36,0.08,0.0,2012.6,0.0005,1037,22.3,28.6
tor-sw-03,2026-07-14T14:32:30Z,0.43,0.1,0.0,2068.3,0.0003,904,17.9,31.4
web-01,2026-07-14T14:32:30Z,126.6,8.45,0.0,23.1,0.027,265,47.9,54.1
web-02,2026-07-14T14:32:30Z,138.4,9.2,0.0,31.2,0.0271,288,50.6,54.4
web-03,2026-07-14T14:32:30Z,109.7,8.69,0.0,23.3,0.0231,280,50.1,50.6
web-04,2026-07-14T14:32:30Z,117.8,9.38,0.0,24.2,0.0209,272,47.5,49.0
web-05,2026-07-14T14:32:30Z,95.6,8.37,0.0,28.7,0.0314,307,47.7,49.4
web-06,2026-07-14T14:32:30Z,122.6,8.48,0.0,25.4,0.0275,311,50.5,51.3
web-07,2026-07-14T14:32:30Z,129.0,8.63,0.0,21.3,0.0242,267,45.3,50.0
web-08,2026-07-14T14:32:30Z,90.1,8.76,0.0,27.0,0.0204,264,47.3,50.6
app-01,2026-07-14T14:32:30Z,168.2,6.85,0.0,20.6,0.0406,248,63.4,56.8
app-02,2026-07-14T14:32:30Z,172.6,6.42,0.0,22.1,0.0424,237,60.1,54.4
app-03,2026-07-14T14:32:30Z,177.7,6.84,0.0,17.2,0.0548,253,58.7,59.3
app-04,2026-07-14T14:32:30Z,185.3,6.12,0.0,25.9,0.043,215,58.6,56.9
app-05,2026-07-14T14:32:30Z,150.1,6.79,0.0,24.3,0.0468,236,62.2,59.2
app-06,2026-07-14T14:32:30Z,152.6,5.92,0.0,22.0,0.0478,209,57.1,55.9
app-07,2026-07-14T14:32:30Z,150.7,6.51,0.0,21.3,0.0434,215,64.5,58.4
app-08,2026-07-14T14:32:30Z,165.5,6.89,0.0,24.4,0.0449,218,64.3,59.7
app-09,2026-07-14T14:32:30Z,172.4,6.16,0.0,18.5,0.0388,210,57.3,59.0
app-10,2026-07-14T14:32:30Z,158.4,5.81,0.0,23.1,0.0524,211,57.2,59.6
db-01,2026-07-14T14:32:30Z,121.6,3.09,0.0,34.9,0.058,150,72.2,59.5
db-02,2026-07-14T14:32:30Z,3.98,0.21,0.0,36.0,0.0006,41,26.7,56.2
cache-01,2026-07-14T14:32:30Z,0.76,0.18,0.0,117.2,0.0004,365,22.9,46.8
cache-02,2026-07-14T14:32:30Z,0.7,0.15,0.0,108.8,0.0003,382,21.4,84.1
mq-01,2026-07-14T14:32:30Z,2.28,0.22,0.0,35.1,0.0008,93,18.2,35.3
dns-01,2026-07-14T14:32:30Z,0.56,0.21,0.0,39.5,0.0003,240,8.8,22.0
fw-01,2026-07-14T14:33:00Z,0.95,0.1,0.0,5184.5,0.0006,1856,32.0,40.7
lb-01,2026-07-14T14:33:00Z,3.31,0.32,0.0,254.9,0.0312,3010,24.7,36.7
core-sw-01,2026-07-14T14:33:00Z,0.43,0.07,0.0,6205.2,0.0006,1456,23.1,33.9
tor-sw-01,2026-07-14T14:33:00Z,0.35,0.08,0.0,2008.9,0.0003,940,21.9,30.8
tor-sw-02,2026-07-14T14:33:00Z,0.45,0.07,0.0,2028.5,0.0003,992,21.1,31.8
tor-sw-03,2026-07-14T14:33:00Z,0.4,0.08,0.0,2117.0,0.0003,1035,19.9,30.0
web-01,2026-07-14T14:33:00Z,112.0,9.51,0.0,33.8,0.034,310,50.1,52.4
web-02,2026-07-14T14:33:00Z,133.3,8.52,0.0,23.9,0.0282,297,50.3,50.6
web-03,2026-07-14T14:33:00Z,140.4,9.42,0.0,32.7,0.0325,295,45.0,49.3
web-04,2026-07-14T14:33:00Z,113.4,9.03,0.0,32.1,0.0282,288,51.0,54.5
web-05,2026-07-14T14:33:00Z,115.2,9.43,0.0,33.8,0.0275,276,51.9,48.5
web-06,2026-07-14T14:33:00Z,116.9,8.55,0.0,27.9,0.0275,287,47.1,50.1
web-07,2026-07-14T14:33:00Z,116.2,9.23,0.0,22.4,0.0275,320,49.5,51.7
web-08,2026-07-14T14:33:00Z,122.0,8.84,0.0,20.9,0.0304,320,47.7,52.5
app-01,2026-07-14T14:33:00Z,205.0,6.02,0.0,25.0,0.0451,225,61.9,59.5
app-02,2026-07-14T14:33:00Z,225.6,6.06,0.0,17.8,0.0524,233,64.0,56.0
app-03,2026-07-14T14:33:00Z,229.4,6.73,0.0,21.1,0.054,221,63.5,54.9
app-04,2026-07-14T14:33:00Z,232.9,5.95,0.0,24.1,0.0604,241,61.4,55.1
app-05,2026-07-14T14:33:00Z,215.0,6.0,0.0,23.1,0.0508,242,64.6,54.5
app-06,2026-07-14T14:33:00Z,194.8,6.19,0.0,22.3,0.0466,255,63.5,58.9
app-07,2026-07-14T14:33:00Z,204.3,6.43,0.0,20.5,0.0432,244,66.3,59.6
app-08,2026-07-14T14:33:00Z,225.9,6.15,0.0,19.6,0.0502,251,59.7,57.8
app-09,2026-07-14T14:33:00Z,226.0,6.71,0.0,21.6,0.0579,251,59.4,58.6
app-10,2026-07-14T14:33:00Z,206.2,6.84,0.0,20.9,0.0585,238,62.4,59.6
db-01,2026-07-14T14:33:00Z,168.2,3.1,0.0,35.8,0.082,150,74.1,61.5
db-02,2026-07-14T14:33:00Z,3.52,0.23,0.0,35.7,0.0007,37,28.2,55.4
cache-01,2026-07-14T14:33:00Z,0.89,0.12,0.0,126.1,0.0006,391,19.6,46.9
cache-02,2026-07-14T14:33:00Z,1.0,0.15,0.0,118.0,0.0008,371,21.3,81.9
mq-01,2026-07-14T14:33:00Z,2.17,0.19,0.0,38.9,0.0007,93,19.7,31.0
dns-01,2026-07-14T14:33:00Z,0.49,0.26,0.0,33.5,0.0004,244,8.8,23.0
fw-01,2026-07-14T14:33:30Z,1.01,0.07,0.0,5262.9,0.0004,1950,29.3,40.7
lb-01,2026-07-14T14:33:30Z,3.08,0.33,0.0,264.9,0.0313,3154,29.0,39.6
core-sw-01,2026-07-14T14:33:30Z,0.41,0.11,0.0,5953.4,0.0002,1552,19.5,35.8
tor-sw-01,2026-07-14T14:33:30Z,0.32,0.08,0.0,1998.3,0.0005,998,17.7,31.2
tor-sw-02,2026-07-14T14:33:30Z,0.32,0.07,0.0,2126.7,0.0004,924,16.4,32.0
tor-sw-03,2026-07-14T14:33:30Z,0.34,0.1,0.0,1986.5,0.0004,919,18.7,28.7
web-01,2026-07-14T14:33:30Z,130.9,9.16,0.0,20.5,0.032,288,49.1,52.6
web-02,2026-07-14T14:33:30Z,144.8,9.04,0.0,24.2,0.0273,297,49.0,47.5
web-03,2026-07-14T14:33:30Z,135.2,8.76,0.0,20.6,0.0339,280,52.0,49.9
web-04,2026-07-14T14:33:30Z,139.0,8.23,0.0,32.5,0.0307,286,46.8,47.1
web-05,2026-07-14T14:33:30Z,113.2,9.04,0.0,24.4,0.0328,293,45.8,48.2
web-06,2026-07-14T14:33:30Z,117.1,8.82,0.0,20.2,0.0309,281,52.8,47.4
web-07,2026-07-14T14:33:30Z,134.0,8.53,0.0,24.0,0.0328,301,48.8,54.4
web-08,2026-07-14T14:33:30Z,140.2,8.53,0.0,20.4,0.0313,293,49.3,51.5
app-01,2026-07-14T14:33:30Z,228.9,6.38,0.0,22.0,0.0504,234,60.1,58.9
app-02,2026-07-14T14:33:30Z,207.6,5.9,0.0,21.1,0.0537,259,61.2,59.5
app-03,2026-07-14T14:33:30Z,217.6,6.33,0.0,24.1,0.046,247,66.6,55.1
app-04,2026-07-14T14:33:30Z,190.5,6.06,0.0,16.4,0.05,244,66.3,59.7
app-05,2026-07-14T14:33:30Z,228.2,6.61,0.0,21.6,0.0422,257,66.8,56.1
app-06,2026-07-14T14:33:30Z,195.6,6.63,0.0,17.1,0.0531,228,66.8,58.7
app-07,2026-07-14T14:33:30Z,229.5,6.35,0.0,18.7,0.0526,241,61.4,57.7
app-08,2026-07-14T14:33:30Z,205.1,5.86,0.0,16.3,0.0536,223,60.7,54.3
app-09,2026-07-14T14:33:30Z,210.9,6.53,0.0,19.3,0.0435,241,59.2,56.8
app-10,2026-07-14T14:33:30Z,202.5,6.88,0.0,18.0,0.0449,258,61.5,57.4
db-01,2026-07-14T14:33:30Z,178.2,2.87,0.0,38.9,0.0894,150,75.4,61.2
db-02,2026-07-14T14:33:30Z,3.38,0.29,0.0,28.3,0.0004,38,25.7,56.9
cache-01,2026-07-14T14:33:30Z,0.95,0.16,0.0,104.4,0.0007,385,20.8,46.9
cache-02,2026-07-14T14:33:30Z,0.82,0.15,0.0,129.0,0.0009,389,21.8,85.0
mq-01,2026-07-14T14:33:30Z,2.45,0.25,0.0,39.2,0.0007,82,18.9,32.6
dns-01,2026-07-14T14:33:30Z,0.66,0.28,0.0,37.9,0.0011,219,6.1,18.8
fw-01,2026-07-14T14:34:00Z,0.84,0.09,0.0,5638.5,0.0006,1838,27.6,43.9
lb-01,2026-07-14T14:34:00Z,3.44,0.26,0.0,233.1,0.0305,3188,28.0,39.3
core-sw-01,2026-07-14T14:34:00Z,0.45,0.09,0.0,5911.7,0.0004,1360,21.9,32.3
tor-sw-01,2026-07-14T14:34:00Z,0.42,0.07,0.0,2041.2,0.0003,1045,20.2,30.4
tor-sw-02,2026-07-14T14:34:00Z,0.35,0.07,0.0,2126.7,0.0006,968,18.6,31.1
tor-sw-03,2026-07-14T14:34:00Z,0.43,0.11,0.0,1947.2,0.0004,978,19.6,31.0
web-01,2026-07-14T14:34:00Z,122.7,9.11,0.0,23.0,0.0264,274,47.0,49.9
web-02,2026-07-14T14:34:00Z,146.2,8.62,0.0,26.5,0.0262,319,51.9,52.1
web-03,2026-07-14T14:34:00Z,138.8,8.91,0.0,22.3,0.033,281,49.7,47.5
web-04,2026-07-14T14:34:00Z,124.8,9.33,0.0,25.8,0.0273,303,51.4,51.2
web-05,2026-07-14T14:34:00Z,121.1,8.78,0.0,31.4,0.0308,271,50.7,52.7
web-06,2026-07-14T14:34:00Z,112.4,8.34,0.0,31.6,0.0273,277,49.9,52.9
web-07,2026-07-14T14:34:00Z,128.2,9.56,0.0,29.7,0.0302,301,47.5,54.6
web-08,2026-07-14T14:34:00Z,116.6,8.81,0.0,20.9,0.0343,287,45.6,52.7
app-01,2026-07-14T14:34:00Z,214.6,6.34,0.0,22.5,0.0441,235,60.5,60.0
app-02,2026-07-14T14:34:00Z,206.7,6.94,0.0,22.3,0.0595,237,64.6,57.6
app-03,2026-07-14T14:34:00Z,233.1,6.23,0.0,21.2,0.0591,236,60.3,58.5
app-04,2026-07-14T14:34:00Z,207.5,6.07,0.0,26.0,0.0429,228,66.4,54.8
app-05,2026-07-14T14:34:00Z,215.5,6.37,0.0,16.5,0.0598,222,61.5,54.1
app-06,2026-07-14T14:34:00Z,202.9,6.8,0.0,23.1,0.0527,227,62.6,58.1
app-07,2026-07-14T14:34:00Z,221.6,6.79,0.0,22.9,0.054,243,62.3,58.9
app-08,2026-07-14T14:34:00Z,217.5,6.25,0.0,18.6,0.0513,232,66.5,59.3
app-09,2026-07-14T14:34:00Z,193.0,6.24,0.0,23.2,0.0609,234,66.7,58.7
app-10,2026-07-14T14:34:00Z,203.6,6.05,0.0,16.6,0.043,246,62.2,55.4
db-01,2026-07-14T14:34:00Z,174.9,2.89,0.0,38.3,0.081,150,74.2,60.5
db-02,2026-07-14T14:34:00Z,3.44,0.24,0.0,37.3,0.0003,40,26.1,53.0
cache-01,2026-07-14T14:34:00Z,0.9,0.12,0.0,114.9,0.0004,364,20.2,44.3
cache-02,2026-07-14T14:34:00Z,0.99,0.14,0.0,113.2,0.0009,375,18.4,83.2
mq-01,2026-07-14T14:34:00Z,2.22,0.26,0.0,35.8,0.0008,94,19.1,30.6
dns-01,2026-07-14T14:34:00Z,0.7,0.17,0.0,34.1,0.0008,242,10.5,19.0
fw-01,2026-07-14T14:34:30Z,0.79,0.06,0.0,5244.3,0.0002,2019,33.7,41.6
lb-01,2026-07-14T14:34:30Z,3.52,0.18,0.0,242.2,0.0309,3269,26.0,37.4
core-sw-01,2026-07-14T14:34:30Z,0.39,0.08,0.0,5906.7,0.0005,1369,18.9,34.2
tor-sw-01,2026-07-14T14:34:30Z,0.33,0.11,0.0,2166.3,0.0003,944,20.3,32.8
tor-sw-02,2026-07-14T14:34:30Z,0.42,0.08,0.0,2188.2,0.0005,917,18.9,30.3
tor-sw-03,2026-07-14T14:34:30Z,0.37,0.11,0.0,2162.1,0.0004,940,22.2,29.3
web-01,2026-07-14T14:34:30Z,115.6,8.27,0.0,30.0,0.0354,290,51.3,53.4
web-02,2026-07-14T14:34:30Z,134.0,8.44,0.0,26.4,0.0296,276,49.5,48.9
web-03,2026-07-14T14:34:30Z,123.8,9.08,0.0,24.3,0.0286,312,51.9,47.9
web-04,2026-07-14T14:34:30Z,114.7,8.43,0.0,30.6,0.0287,314,45.9,49.3
web-05,2026-07-14T14:34:30Z,130.8,8.61,0.0,26.7,0.0288,316,49.1,48.7
web-06,2026-07-14T14:34:30Z,136.7,8.62,0.0,31.4,0.0333,278,45.2,48.6
web-07,2026-07-14T14:34:30Z,138.6,8.53,0.0,33.0,0.034,280,47.7,52.5
web-08,2026-07-14T14:34:30Z,124.5,8.98,0.0,21.7,0.0336,275,50.6,47.5
app-01,2026-07-14T14:34:30Z,233.9,6.37,0.0,17.5,0.0464,248,61.9,59.2
app-02,2026-07-14T14:34:30Z,199.5,6.32,0.0,20.2,0.0503,242,60.3,59.8
app-03,2026-07-14T14:34:30Z,196.8,6.7,0.0,24.7,0.0464,254,64.1,59.4
app-04,2026-07-14T14:34:30Z,205.9,6.59,0.0,22.1,0.0438,223,59.4,58.3
app-05,2026-07-14T14:34:30Z,208.2,5.83,0.0,17.8,0.0436,245,60.8,58.7
app-06,2026-07-14T14:34:30Z,202.6,6.12,0.0,25.7,0.0615,236,59.6,57.8
app-07,2026-07-14T14:34:30Z,209.4,6.9,0.0,16.2,0.0423,257,59.5,56.7
app-08,2026-07-14T14:34:30Z,231.3,6.8,0.0,20.3,0.053,244,61.9,55.7
app-09,2026-07-14T14:34:30Z,231.0,6.64,0.0,21.6,0.0478,258,66.0,55.5
app-10,2026-07-14T14:34:30Z,214.9,6.61,0.0,24.5,0.0503,225,64.6,54.0
db-01,2026-07-14T14:34:30Z,177.5,2.65,0.0,33.1,0.0799,150,75.8,59.0
db-02,2026-07-14T14:34:30Z,4.16,0.17,0.0,39.4,0.0003,35,26.8,54.1
cache-01,2026-07-14T14:34:30Z,0.8,0.1,0.0,114.8,0.001,348,16.8,43.0
cache-02,2026-07-14T14:34:30Z,0.84,0.16,0.0,111.5,0.0005,365,20.0,82.7
mq-01,2026-07-14T14:34:30Z,2.35,0.23,0.0,33.7,0.0008,82,15.6,35.0
dns-01,2026-07-14T14:34:30Z,0.61,0.28,0.0,35.9,0.0009,222,7.2,21.7
fw-01,2026-07-14T14:35:00Z,0.91,0.08,0.0,5198.4,0.0004,1979,27.6,44.0
lb-01,2026-07-14T14:35:00Z,3.63,0.33,0.0,209.8,0.0313,2946,27.6,40.9
core-sw-01,2026-07-14T14:35:00Z,0.39,0.1,0.0,6621.7,0.0005,1554,23.4,35.4
tor-sw-01,2026-07-14T14:35:00Z,0.44,0.09,0.0,1984.4,0.0004,939,21.2,32.8
tor-sw-02,2026-07-14T14:35:00Z,0.33,0.06,0.0,2057.1,0.0004,1010,20.2,29.3
tor-sw-03,2026-07-14T14:35:00Z,0.35,0.06,0.0,2088.0,0.0005,1052,19.9,32.0
web-01,2026-07-14T14:35:00Z,115.6,9.28,0.0,27.2,0.036,319,50.7,51.6
web-02,2026-07-14T14:35:00Z,146.5,8.26,0.0,27.1,0.0307,291,45.2,51.5
web-03,2026-07-14T14:35:00Z,111.8,8.98,0.0,25.9,0.0329,309,51.2,51.4
web-04,2026-07-14T14:35:00Z,118.3,9.06,0.0,25.8,0.0312,312,52.3,48.7
web-05,2026-07-14T14:35:00Z,115.9,8.44,0.0,30.0,0.0351,296,51.5,54.1
web-06,2026-07-14T14:35:00Z,132.9,9.2,0.0,20.2,0.0268,284,51.8,51.6
web-07,2026-07-14T14:35:00Z,140.6,8.67,0.0,31.3,0.0271,319,48.2,52.2
web-08,2026-07-14T14:35:00Z,123.1,8.49,0.0,27.7,0.0332,285,46.8,52.3
app-01,2026-07-14T14:35:00Z,191.9,5.82,0.0,23.6,0.0619,246,59.5,56.4
app-02,2026-07-14T14:35:00Z,192.2,6.47,0.0,19.4,0.043,222,59.7,55.8
app-03,2026-07-14T14:35:00Z,209.3,5.98,0.0,21.5,0.0484,247,62.3,59.8
app-04,2026-07-14T14:35:00Z,206.2,6.38,0.0,22.8,0.0577,258,59.0,58.2
app-05,2026-07-14T14:35:00Z,200.8,6.08,0.0,21.3,0.0493,227,59.9,56.9
app-06,2026-07-14T14:35:00Z,198.1,6.14,0.0,25.9,0.0542,238,65.1,59.7
app-07,2026-07-14T14:35:00Z,232.3,5.88,0.0,17.5,0.0533,236,62.4,59.1
app-08,2026-07-14T14:35:00Z,201.1,6.17,0.0,22.2,0.0615,223,61.5,57.5
app-09,2026-07-14T14:35:00Z,223.2,6.17,0.0,16.3,0.0569,225,64.1,56.0
app-10,2026-07-14T14:35:00Z,194.4,6.17,0.0,16.7,0.0583,257,65.4,57.1
db-01,2026-07-14T14:35:00Z,181.0,3.19,0.0,37.3,0.078,150,74.3,61.4
db-02,2026-07-14T14:35:00Z,4.54,0.17,0.0,30.4,0.0004,38,28.2,54.0
cache-01,2026-07-14T14:35:00Z,0.92,0.18,0.0,112.8,0.0003,359,22.3,46.0
cache-02,2026-07-14T14:35:00Z,0.92,0.12,0.0,130.7,0.0009,381,17.3,81.9
mq-01,2026-07-14T14:35:00Z,2.32,0.21,0.0,31.0,0.001,93,16.5,33.1
dns-01,2026-07-14T14:35:00Z,0.56,0.24,0.0,34.2,0.0003,246,9.9,22.8
fw-01,2026-07-14T14:35:30Z,0.99,0.07,0.0,5866.8,0.0005,2037,31.6,42.1
lb-01,2026-07-14T14:35:30Z,3.55,0.2,0.0,269.4,0.0306,3002,31.6,38.8
core-sw-01,2026-07-14T14:35:30Z,0.46,0.07,0.0,6000.4,0.0004,1557,18.5,33.0
tor-sw-01,2026-07-14T14:35:30Z,0.33,0.08,0.0,2135.1,0.0005,914,20.9,29.1
tor-sw-02,2026-07-14T14:35:30Z,0.33,0.09,0.0,2078.7,0.0004,948,17.0,31.2
tor-sw-03,2026-07-14T14:35:30Z,0.36,0.06,0.0,2129.5,0.0003,1021,16.0,28.5
web-01,2026-07-14T14:35:30Z,122.2,8.58,0.0,20.4,0.0292,301,49.2,53.1
web-02,2026-07-14T14:35:30Z,136.4,8.46,0.0,29.4,0.0263,291,45.3,51.2
web-03,2026-07-14T14:35:30Z,133.1,9.42,0.0,30.5,0.0311,283,45.1,53.7
web-04,2026-07-14T14:35:30Z,112.3,9.57,0.0,33.5,0.0334,293,49.8,49.6
web-05,2026-07-14T14:35:30Z,125.4,9.57,0.0,33.2,0.0264,289,49.4,49.9
web-06,2026-07-14T14:35:30Z,126.5,8.66,0.0,30.2,0.0304,305,45.7,48.3
web-07,2026-07-14T14:35:30Z,117.0,8.86,0.0,22.9,0.0359,295,46.7,51.9
web-08,2026-07-14T14:35:30Z,124.2,8.61,0.0,27.2,0.0329,311,47.9,49.8
app-01,2026-07-14T14:35:30Z,207.8,6.6,0.0,17.1,0.0505,223,65.5,54.9
app-02,2026-07-14T14:35:30Z,211.9,6.24,0.0,24.1,0.0593,243,65.3,59.4
app-03,2026-07-14T14:35:30Z,219.1,6.81,0.0,24.3,0.0544,224,59.1,57.3
app-04,2026-07-14T14:35:30Z,206.5,6.74,0.0,22.4,0.0445,254,66.8,59.0
app-05,2026-07-14T14:35:30Z,218.0,6.93,0.0,20.2,0.0477,256,64.8,54.4
app-06,2026-07-14T14:35:30Z,200.3,5.93,0.0,17.9,0.0448,228,62.8,56.9
app-07,2026-07-14T14:35:30Z,213.6,6.58,0.0,20.8,0.0427,250,63.6,54.2
app-08,2026-07-14T14:35:30Z,219.5,6.56,0.0,23.2,0.0564,259,66.0,59.8
app-09,2026-07-14T14:35:30Z,201.0,6.06,0.0,21.9,0.0528,255,62.2,59.2
app-10,2026-07-14T14:35:30Z,216.1,6.76,0.0,22.0,0.0457,242,60.0,58.7
db-01,2026-07-14T14:35:30Z,174.6,3.08,0.0,33.6,0.083,150,73.0,59.4
db-02,2026-07-14T14:35:30Z,4.52,0.21,0.0,39.2,0.0007,39,26.5,56.3
cache-01,2026-07-14T14:35:30Z,0.88,0.14,0.0,114.7,0.0007,364,20.0,46.3
cache-02,2026-07-14T14:35:30Z,0.91,0.13,0.0,123.5,0.0005,351,18.5,81.8
mq-01,2026-07-14T14:35:30Z,2.33,0.24,0.0,31.7,0.0011,80,19.8,30.6
dns-01,2026-07-14T14:35:30Z,0.49,0.19,0.0,31.3,0.0006,250,9.4,21.6
fw-01,2026-07-14T14:36:00Z,0.83,0.11,0.0,5265.4,0.0004,1838,34.0,39.5
lb-01,2026-07-14T14:36:00Z,3.76,0.26,0.0,269.2,0.0313,3041,31.2,35.5
core-sw-01,2026-07-14T14:36:00Z,0.46,0.09,0.0,6267.4,0.0004,1419,23.0,35.1
tor-sw-01,2026-07-14T14:36:00Z,0.4,0.09,0.0,2036.7,0.0005,949,22.1,31.9
tor-sw-02,2026-07-14T14:36:00Z,0.37,0.09,0.0,1986.5,0.0006,952,22.2,31.9
tor-sw-03,2026-07-14T14:36:00Z,0.34,0.09,0.0,2019.2,0.0005,934,18.8,30.0
web-01,2026-07-14T14:36:00Z,119.0,8.54,0.0,22.8,0.0341,301,45.1,49.9
web-02,2026-07-14T14:36:00Z,131.7,8.62,0.0,28.5,0.0291,280,50.1,51.4
web-03,2026-07-14T14:36:00Z,127.3,8.37,0.0,25.4,0.0278,317,45.3,54.9
web-04,2026-07-14T14:36:00Z,133.3,8.88,0.0,32.5,0.0293,293,50.6,52.9
web-05,2026-07-14T14:36:00Z,119.7,8.93,0.0,20.2,0.0319,289,52.9,51.3
web-06,2026-07-14T14:36:00Z,122.2,8.74,0.0,26.2,0.0279,318,45.4,48.0
web-07,2026-07-14T14:36:00Z,117.2,9.3,0.0,29.5,0.0352,272,49.7,50.4
web-08,2026-07-14T14:36:00Z,124.6,8.93,0.0,31.1,0.0298,290,49.3,52.7
app-01,2026-07-14T14:36:00Z,190.3,5.92,0.0,22.5,0.0474,232,65.8,56.1
app-02,2026-07-14T14:36:00Z,220.5,6.92,0.0,24.3,0.0507,259,60.4,59.4
app-03,2026-07-14T14:36:00Z,210.9,6.87,0.0,20.6,0.049,222,64.8,55.3
app-04,2026-07-14T14:36:00Z,194.1,6.45,0.0,21.7,0.0603,234,66.8,57.0
app-05,2026-07-14T14:36:00Z,203.8,5.94,0.0,25.2,0.0569,226,60.0,59.5
app-06,2026-07-14T14:36:00Z,200.7,5.87,0.0,18.7,0.0607,247,60.0,58.7
app-07,2026-07-14T14:36:00Z,191.4,5.89,0.0,20.9,0.0475,250,61.2,57.4
app-08,2026-07-14T14:36:00Z,197.4,6.59,0.0,17.0,0.0615,259,64.5,55.4
app-09,2026-07-14T14:36:00Z,197.2,6.22,0.0,25.0,0.0457,239,62.2,56.9
app-10,2026-07-14T14:36:00Z,222.2,6.62,0.0,17.3,0.051,247,64.2,58.1
db-01,2026-07-14T14:36:00Z,180.4,3.02,0.0,36.7,0.0829,150,77.6,60.3
db-02,2026-07-14T14:36:00Z,3.68,0.26,0.0,30.0,0.0006,40,27.7,52.8
cache-01,2026-07-14T14:36:00Z,0.92,0.18,0.0,127.9,0.0006,349,22.4,46.4
cache-02,2026-07-14T14:36:00Z,0.8,0.15,0.0,125.2,0.0009,375,21.9,84.7
mq-01,2026-07-14T14:36:00Z,2.14,0.29,0.0,32.7,0.0011,79,19.1,34.1
dns-01,2026-07-14T14:36:00Z,0.66,0.15,0.0,37.5,0.0005,229,11.4,21.1
fw-01,2026-07-14T14:36:30Z,0.78,0.12,0.0,5202.7,0.0003,1873,31.4,41.8
lb-01,2026-07-14T14:36:30Z,3.65,0.22,0.0,237.0,0.0306,3041,26.0,37.5
core-sw-01,2026-07-14T14:36:30Z,0.35,0.1,0.0,6133.8,0.0003,1474,20.8,34.6
tor-sw-01,2026-07-14T14:36:30Z,0.35,0.08,0.0,1996.0,0.0004,1024,17.3,31.8
tor-sw-02,2026-07-14T14:36:30Z,0.4,0.09,0.0,2143.1,0.0004,1025,18.2,30.7
tor-sw-03,2026-07-14T14:36:30Z,0.43,0.06,0.0,2102.2,0.0005,1038,18.9,29.0
web-01,2026-07-14T14:36:30Z,136.4,9.06,0.0,25.4,0.0357,309,52.3,48.0
web-02,2026-07-14T14:36:30Z,155.8,8.55,0.0,22.8,0.0309,309,49.7,50.3
web-03,2026-07-14T14:36:30Z,138.2,8.31,0.0,21.4,0.0348,304,52.6,48.8
web-04,2026-07-14T14:36:30Z,120.2,8.22,0.0,30.7,0.0317,308,52.2,52.9
web-05,2026-07-14T14:36:30Z,130.8,9.13,0.0,28.9,0.0339,305,51.2,47.3
web-06,2026-07-14T14:36:30Z,124.6,9.14,0.0,22.3,0.0278,317,47.0,53.9
web-07,2026-07-14T14:36:30Z,130.0,8.72,0.0,26.4,0.0283,302,51.2,52.7
web-08,2026-07-14T14:36:30Z,132.4,9.48,0.0,22.3,0.0348,287,48.6,53.9
app-01,2026-07-14T14:36:30Z,193.7,6.29,0.0,21.0,0.0591,252,62.9,58.0
app-02,2026-07-14T14:36:30Z,197.3,6.33,0.0,16.8,0.0422,233,63.2,59.8
app-03,2026-07-14T14:36:30Z,209.3,6.86,0.0,17.7,0.0462,240,65.6,56.6
app-04,2026-07-14T14:36:30Z,233.5,5.93,0.0,16.3,0.0565,232,59.6,56.6
app-05,2026-07-14T14:36:30Z,191.3,6.77,0.0,19.0,0.0595,241,63.4,56.9
app-06,2026-07-14T14:36:30Z,198.1,6.32,0.0,21.2,0.0512,255,60.8,58.3
app-07,2026-07-14T14:36:30Z,207.2,6.49,0.0,16.9,0.0426,256,60.1,54.7
app-08,2026-07-14T14:36:30Z,200.1,6.06,0.0,22.0,0.052,241,62.5,57.0
app-09,2026-07-14T14:36:30Z,216.6,6.87,0.0,25.9,0.0563,233,65.2,55.3
app-10,2026-07-14T14:36:30Z,197.8,6.2,0.0,21.2,0.0587,249,59.7,60.0
db-01,2026-07-14T14:36:30Z,189.8,2.83,0.0,40.7,0.0856,150,74.5,62.0
db-02,2026-07-14T14:36:30Z,4.56,0.23,0.0,34.5,0.0011,41,23.1,54.1
cache-01,2026-07-14T14:36:30Z,0.77,0.17,0.0,115.8,0.0008,390,17.4,41.8
cache-02,2026-07-14T14:36:30Z,0.9,0.09,0.0,109.4,0.001,389,19.1,84.3
mq-01,2026-07-14T14:36:30Z,2.36,0.21,0.0,30.8,0.0009,87,16.9,33.3
dns-01,2026-07-14T14:36:30Z,0.72,0.22,0.0,39.4,0.0011,217,9.5,22.4
fw-01,2026-07-14T14:37:00Z,1.05,0.12,0.0,5613.4,0.0006,2043,33.7,41.9
lb-01,2026-07-14T14:37:00Z,3.12,0.26,0.0,256.2,0.0314,3169,32.0,39.8
core-sw-01,2026-07-14T14:37:00Z,0.41,0.08,0.0,6603.5,0.0003,1438,22.0,32.7
tor-sw-01,2026-07-14T14:37:00Z,0.4,0.12,0.0,2055.1,0.0003,919,20.9,32.4
tor-sw-02,2026-07-14T14:37:00Z,0.33,0.09,0.0,2101.7,0.0005,1044,18.4,33.2
tor-sw-03,2026-07-14T14:37:00Z,0.43,0.11,0.0,2054.8,0.0004,1005,21.1,31.8
web-01,2026-07-14T14:37:00Z,125.1,9.39,0.0,25.9,0.0283,308,45.9,53.9
web-02,2026-07-14T14:37:00Z,140.2,8.42,0.0,31.4,0.0269,295,50.0,48.7
web-03,2026-07-14T14:37:00Z,118.2,9.06,0.0,22.2,0.0303,275,49.3,47.6
web-04,2026-07-14T14:37:00Z,122.4,9.02,0.0,26.9,0.0338,289,46.6,48.2
web-05,2026-07-14T14:37:00Z,113.8,8.71,0.0,27.5,0.0336,283,52.6,47.4
web-06,2026-07-14T14:37:00Z,140.5,9.0,0.0,30.0,0.0266,275,46.0,48.0
web-07,2026-07-14T14:37:00Z,139.1,8.83,0.0,25.2,0.0329,291,51.0,53.0
web-08,2026-07-14T14:37:00Z,127.0,9.08,0.0,31.5,0.0341,316,47.8,51.7
app-01,2026-07-14T14:37:00Z,222.0,6.07,0.0,22.7,0.0498,237,66.7,59.5
app-02,2026-07-14T14:37:00Z,210.1,6.86,0.0,18.2,0.0455,226,64.2,54.6
app-03,2026-07-14T14:37:00Z,194.9,6.79,0.0,25.5,0.0492,255,61.0,59.8
app-04,2026-07-14T14:37:00Z,205.0,6.95,0.0,21.6,0.0586,233,59.3,58.8
app-05,2026-07-14T14:37:00Z,226.9,6.94,0.0,21.8,0.0431,227,60.2,59.2
app-06,2026-07-14T14:37:00Z,219.7,5.87,0.0,17.1,0.0559,222,62.8,55.5
app-07,2026-07-14T14:37:00Z,207.9,5.95,0.0,20.3,0.058,223,64.3,56.4
app-08,2026-07-14T14:37:00Z,203.9,6.16,0.0,18.4,0.0448,243,59.4,54.7
app-09,2026-07-14T14:37:00Z,224.5,6.14,0.0,24.7,0.0569,246,64.8,58.6
app-10,2026-07-14T14:37:00Z,225.1,6.39,0.0,20.3,0.0457,237,60.1,54.1
db-01,2026-07-14T14:37:00Z,176.4,2.64,0.0,35.2,0.0871,150,74.3,59.3
db-02,2026-07-14T14:37:00Z,4.12,0.21,0.0,33.5,0.0011,37,26.6,54.2
cache-01,2026-07-14T14:37:00Z,0.8,0.14,0.0,117.3,0.0007,345,18.1,42.2
cache-02,2026-07-14T14:37:00Z,0.92,0.09,0.0,106.1,0.0006,382,20.0,82.8
mq-01,2026-07-14T14:37:00Z,2.19,0.26,0.0,33.0,0.0007,83,16.9,31.3
dns-01,2026-07-14T14:37:00Z,0.58,0.27,0.0,29.6,0.0005,260,7.5,20.0
fw-01,2026-07-14T14:37:30Z,0.88,0.07,0.0,5669.7,0.0006,1859,33.1,44.4
lb-01,2026-07-14T14:37:30Z,3.47,0.2,0.0,246.3,0.0309,3015,28.4,38.7
core-sw-01,2026-07-14T14:37:30Z,0.43,0.09,0.0,6540.1,0.0004,1539,23.4,34.5
tor-sw-01,2026-07-14T14:37:30Z,0.41,0.11,0.0,2160.1,0.0006,1008,22.2,29.4
tor-sw-02,2026-07-14T14:37:30Z,0.36,0.09,0.0,1949.4,0.0005,959,20.3,32.0
tor-sw-03,2026-07-14T14:37:30Z,0.34,0.06,0.0,2032.8,0.0003,1032,18.3,30.5
web-01,2026-07-14T14:37:30Z,132.7,9.48,0.0,23.9,0.0295,312,51.8,47.2
web-02,2026-07-14T14:37:30Z,141.3,9.36,0.0,22.1,0.0286,281,48.0,54.9
web-03,2026-07-14T14:37:30Z,119.5,9.16,0.0,22.4,0.0292,292,47.8,49.9
web-04,2026-07-14T14:37:30Z,123.9,9.17,0.0,23.9,0.0269,315,48.9,54.7
web-05,2026-07-14T14:37:30Z,119.3,8.23,0.0,31.1,0.0335,303,49.9,50.9
web-06,2026-07-14T14:37:30Z,123.6,8.21,0.0,27.3,0.0273,302,45.3,51.5
web-07,2026-07-14T14:37:30Z,135.9,9.01,0.0,20.6,0.0321,289,48.0,54.5
web-08,2026-07-14T14:37:30Z,129.2,8.53,0.0,32.1,0.028,318,46.6,47.1
app-01,2026-07-14T14:37:30Z,201.7,6.69,0.0,23.5,0.0533,258,66.0,58.0
app-02,2026-07-14T14:37:30Z,194.2,6.33,0.0,24.2,0.0591,232,60.2,54.7
app-03,2026-07-14T14:37:30Z,230.9,6.51,0.0,21.8,0.0563,260,61.3,54.2
app-04,2026-07-14T14:37:30Z,225.9,6.71,0.0,24.0,0.0462,247,63.8,55.6
app-05,2026-07-14T14:37:30Z,226.6,6.44,0.0,23.0,0.0608,259,66.8,57.1
app-06,2026-07-14T14:37:30Z,206.0,6.8,0.0,21.0,0.0466,230,60.7,57.7
app-07,2026-07-14T14:37:30Z,205.2,6.79,0.0,20.0,0.0564,245,66.6,58.6
app-08,2026-07-14T14:37:30Z,198.7,6.1,0.0,21.4,0.0463,224,62.5,58.2
app-09,2026-07-14T14:37:30Z,212.3,6.6,0.0,21.4,0.0459,239,62.2,59.5
app-10,2026-07-14T14:37:30Z,206.6,6.62,0.0,17.7,0.0469,251,62.5,57.0
db-01,2026-07-14T14:37:30Z,188.4,3.1,0.0,34.1,0.0886,150,77.5,60.3
db-02,2026-07-14T14:37:30Z,3.3,0.17,0.0,30.0,0.0004,34,26.9,54.3
cache-01,2026-07-14T14:37:30Z,0.65,0.19,0.0,125.6,0.0006,380,22.8,45.3
cache-02,2026-07-14T14:37:30Z,0.7,0.13,0.0,129.8,0.0005,361,21.7,84.6
mq-01,2026-07-14T14:37:30Z,2.21,0.21,0.0,34.3,0.0004,88,14.5,35.5
dns-01,2026-07-14T14:37:30Z,0.51,0.25,0.0,37.3,0.0008,224,11.5,21.0
fw-01,2026-07-14T14:38:00Z,0.79,0.11,0.0,5845.1,0.0004,1967,28.9,41.0
lb-01,2026-07-14T14:38:00Z,3.15,0.2,0.0,205.4,0.0311,2981,31.5,35.5
core-sw-01,2026-07-14T14:38:00Z,0.46,0.1,0.0,6394.7,0.0003,1348,24.2,34.9
tor-sw-01,2026-07-14T14:38:00Z,0.34,0.07,0.0,2095.6,0.0005,936,21.2,32.5
tor-sw-02,2026-07-14T14:38:00Z,0.38,0.07,0.0,2083.8,0.0006,980,18.5,31.0
tor-sw-03,2026-07-14T14:38:00Z,0.32,0.1,0.0,1982.4,0.0002,952,18.7,30.9
web-01,2026-07-14T14:38:00Z,138.6,8.25,0.0,20.5,0.0348,294,50.6,51.1
web-02,2026-07-14T14:38:00Z,143.1,8.6,0.0,30.8,0.0277,295,46.5,47.8
web-03,2026-07-14T14:38:00Z,111.7,9.07,0.0,24.6,0.0359,282,51.5,53.8
web-04,2026-07-14T14:38:00Z,130.7,9.2,0.0,28.5,0.0271,280,52.3,51.9
web-05,2026-07-14T14:38:00Z,118.8,8.63,0.0,28.4,0.0311,300,50.1,54.6
web-06,2026-07-14T14:38:00Z,135.9,9.3,0.0,23.5,0.0308,300,50.5,54.6
web-07,2026-07-14T14:38:00Z,130.2,8.57,0.0,29.1,0.0263,293,51.8,53.4
web-08,2026-07-14T14:38:00Z,119.4,9.52,0.0,27.3,0.0321,292,45.2,54.7
app-01,2026-07-14T14:38:00Z,200.3,5.85,0.0,21.2,0.0524,224,59.4,56.9
app-02,2026-07-14T14:38:00Z,219.1,6.38,0.0,21.3,0.0579,240,59.3,58.9
app-03,2026-07-14T14:38:00Z,215.9,6.14,0.0,25.0,0.0546,223,63.1,56.8
app-04,2026-07-14T14:38:00Z,224.0,6.23,0.0,23.2,0.0444,257,65.4,57.3
app-05,2026-07-14T14:38:00Z,190.4,6.97,0.0,21.4,0.0498,224,59.5,57.7
app-06,2026-07-14T14:38:00Z,232.2,6.3,0.0,16.3,0.0445,252,66.2,56.5
app-07,2026-07-14T14:38:00Z,231.5,6.07,0.0,18.7,0.0548,226,64.8,54.8
app-08,2026-07-14T14:38:00Z,201.1,6.77,0.0,25.8,0.0525,258,66.7,58.7
app-09,2026-07-14T14:38:00Z,232.8,6.23,0.0,19.3,0.0474,259,66.5,56.4
app-10,2026-07-14T14:38:00Z,195.7,5.91,0.0,20.8,0.0466,249,64.8,54.7
db-01,2026-07-14T14:38:00Z,188.6,3.08,0.0,36.4,0.0833,150,77.9,61.9
db-02,2026-07-14T14:38:00Z,4.15,0.25,0.0,36.9,0.0009,41,26.5,53.7
cache-01,2026-07-14T14:38:00Z,0.89,0.19,0.0,120.9,0.0009,362,22.0,42.2
cache-02,2026-07-14T14:38:00Z,0.99,0.14,0.0,115.2,0.0007,349,21.1,83.8
mq-01,2026-07-14T14:38:00Z,2.37,0.14,0.0,36.1,0.0009,80,19.6,34.6
dns-01,2026-07-14T14:38:00Z,0.54,0.27,0.0,39.5,0.0011,224,10.7,22.2
fw-01,2026-07-14T14:38:30Z,0.75,0.07,0.0,5491.0,0.0005,1880,30.4,41.2
lb-01,2026-07-14T14:38:30Z,3.61,0.19,0.0,240.6,0.0312,3096,31.5,39.8
core-sw-01,2026-07-14T14:38:30Z,0.35,0.08,0.0,6290.3,0.0006,1349,21.7,35.5
tor-sw-01,2026-07-14T14:38:30Z,0.44,0.09,0.0,2035.3,0.0003,976,17.1,32.1
tor-sw-02,2026-07-14T14:38:30Z,0.32,0.07,0.0,2176.8,0.0003,950,19.3,29.5
tor-sw-03,2026-07-14T14:38:30Z,0.4,0.06,0.0,2202.2,0.0002,904,22.1,32.3
web-01,2026-07-14T14:38:30Z,112.2,9.57,0.0,30.6,0.0297,305,51.7,50.7
web-02,2026-07-14T14:38:30Z,158.5,8.68,0.0,25.8,0.0305,312,45.1,50.6
web-03,2026-07-14T14:38:30Z,115.7,8.41,0.0,33.9,0.0309,294,47.2,48.0
web-04,2026-07-14T14:38:30Z,134.4,8.76,0.0,33.2,0.0351,274,48.7,50.9
web-05,2026-07-14T14:38:30Z,141.1,8.42,0.0,21.2,0.0311,272,52.0,54.6
web-06,2026-07-14T14:38:30Z,120.9,8.4,0.0,25.1,0.0324,309,50.4,48.7
web-07,2026-07-14T14:38:30Z,118.4,9.52,0.0,25.7,0.0327,271,45.0,54.9
web-08,2026-07-14T14:38:30Z,122.2,8.56,0.0,24.9,0.0344,278,51.1,51.8
app-01,2026-07-14T14:38:30Z,216.9,6.55,0.0,16.5,0.0566,231,66.4,58.9
app-02,2026-07-14T14:38:30Z,225.1,6.78,0.0,25.7,0.0551,258,62.5,54.7
app-03,2026-07-14T14:38:30Z,195.4,5.83,0.0,20.5,0.0444,247,63.9,59.8
app-04,2026-07-14T14:38:30Z,200.2,6.09,0.0,21.0,0.0429,238,65.4,58.3
app-05,2026-07-14T14:38:30Z,216.9,6.77,0.0,16.6,0.0479,236,61.5,58.3
app-06,2026-07-14T14:38:30Z,210.2,6.75,0.0,20.5,0.0583,247,59.6,55.2
app-07,2026-07-14T14:38:30Z,228.3,6.82,0.0,22.5,0.0464,237,64.7,56.2
app-08,2026-07-14T14:38:30Z,206.2,6.61,0.0,21.0,0.0539,225,64.1,58.8
app-09,2026-07-14T14:38:30Z,193.0,6.83,0.0,21.3,0.0527,224,64.8,57.5
app-10,2026-07-14T14:38:30Z,207.7,5.89,0.0,17.1,0.0556,230,65.3,56.8
db-01,2026-07-14T14:38:30Z,174.2,3.07,0.0,43.8,0.0802,150,74.9,60.0
db-02,2026-07-14T14:38:30Z,4.73,0.2,0.0,33.6,0.0005,36,23.3,55.8
cache-01,2026-07-14T14:38:30Z,0.67,0.18,0.0,118.2,0.0007,370,22.4,46.5
cache-02,2026-07-14T14:38:30Z,0.73,0.14,0.0,124.9,0.0009,398,21.0,84.6
mq-01,2026-07-14T14:38:30Z,2.09,0.22,0.0,31.5,0.0004,90,15.6,31.1
dns-01,2026-07-14T14:38:30Z,0.69,0.26,0.0,34.4,0.0008,224,12.0,19.8
fw-01,2026-07-14T14:39:00Z,0.99,0.09,0.0,5593.3,0.0005,1771,30.4,41.8
lb-01,2026-07-14T14:39:00Z,3.23,0.29,0.0,214.2,0.0307,3018,31.9,36.3
core-sw-01,2026-07-14T14:39:00Z,0.39,0.1,0.0,6098.5,0.0005,1509,19.8,31.8
tor-sw-01,2026-07-14T14:39:00Z,0.36,0.06,0.0,1936.1,0.0003,946,18.6,30.2
tor-sw-02,2026-07-14T14:39:00Z,0.34,0.1,0.0,2129.8,0.0006,965,18.5,30.9
tor-sw-03,2026-07-14T14:39:00Z,0.37,0.09,0.0,2067.8,0.0004,937,19.4,30.4
web-01,2026-07-14T14:39:00Z,113.0,9.06,0.0,25.0,0.0328,299,47.1,54.0
web-02,2026-07-14T14:39:00Z,139.2,8.54,0.0,27.5,0.0283,292,47.3,48.8
web-03,2026-07-14T14:39:00Z,112.2,8.39,0.0,30.4,0.03,322,53.0,47.8
web-04,2026-07-14T14:39:00Z,121.2,8.49,0.0,21.5,0.0337,274,50.1,47.8
web-05,2026-07-14T14:39:00Z,113.5,8.4,0.0,28.4,0.029,320,52.2,53.0
web-06,2026-07-14T14:39:00Z,115.7,8.74,0.0,27.3,0.0352,271,52.3,54.9
web-07,2026-07-14T14:39:00Z,111.4,9.3,0.0,21.1,0.0302,296,52.9,47.9
web-08,2026-07-14T14:39:00Z,125.3,9.53,0.0,26.0,0.036,306,50.8,51.1
app-01,2026-07-14T14:39:00Z,231.6,6.79,0.0,23.3,0.0484,234,61.6,55.6
app-02,2026-07-14T14:39:00Z,196.6,6.67,0.0,24.5,0.0498,253,63.8,56.7
app-03,2026-07-14T14:39:00Z,230.2,6.41,0.0,21.4,0.0423,256,63.8,57.5
app-04,2026-07-14T14:39:00Z,217.3,6.19,0.0,17.0,0.054,255,63.8,54.4
app-05,2026-07-14T14:39:00Z,205.6,6.74,0.0,23.2,0.0489,233,61.1,56.2
app-06,2026-07-14T14:39:00Z,225.1,6.68,0.0,17.0,0.045,237,65.1,54.4
app-07,2026-07-14T14:39:00Z,221.0,6.19,0.0,16.7,0.0421,229,65.8,59.6
app-08,2026-07-14T14:39:00Z,206.9,6.51,0.0,18.6,0.0614,224,66.0,55.8
app-09,2026-07-14T14:39:00Z,226.1,6.66,0.0,21.3,0.0523,227,59.5,59.3
app-10,2026-07-14T14:39:00Z,231.9,5.99,0.0,25.8,0.0592,234,65.0,57.2
db-01,2026-07-14T14:39:00Z,177.4,2.71,0.0,39.7,0.0794,150,75.4,62.5
db-02,2026-07-14T14:39:00Z,4.64,0.26,0.0,39.3,0.0004,40,27.3,53.1
cache-01,2026-07-14T14:39:00Z,0.82,0.11,0.0,131.6,0.0004,359,18.2,45.2
cache-02,2026-07-14T14:39:00Z,0.78,0.13,0.0,112.8,0.0005,394,16.4,80.3
mq-01,2026-07-14T14:39:00Z,1.78,0.3,0.0,34.4,0.0008,91,19.0,33.8
dns-01,2026-07-14T14:39:00Z,0.66,0.17,0.0,37.2,0.0003,243,8.5,20.2
fw-01,2026-07-14T14:39:30Z,0.98,0.1,0.0,5401.2,0.0004,2013,31.9,42.2
lb-01,2026-07-14T14:39:30Z,3.45,0.23,0.0,266.5,0.0313,3260,24.4,40.4
core-sw-01,2026-07-14T14:39:30Z,0.4,0.1,0.0,5862.9,0.0003,1543,22.4,34.7
tor-sw-01,2026-07-14T14:39:30Z,0.33,0.11,0.0,1999.4,0.0004,1037,21.7,31.7
tor-sw-02,2026-07-14T14:39:30Z,0.33,0.09,0.0,2204.2,0.0003,1057,16.6,33.2
tor-sw-03,2026-07-14T14:39:30Z,0.4,0.06,0.0,2154.4,0.0006,958,17.7,29.4
web-01,2026-07-14T14:39:30Z,140.3,9.3,0.0,31.2,0.0268,277,49.8,54.5
web-02,2026-07-14T14:39:30Z,137.7,8.31,0.0,26.8,0.0324,290,48.8,50.7
web-03,2026-07-14T14:39:30Z,123.8,9.55,0.0,31.1,0.0299,274,52.7,52.3
web-04,2026-07-14T14:39:30Z,122.2,8.94,0.0,24.9,0.0269,293,52.9,49.8
web-05,2026-07-14T14:39:30Z,113.6,8.44,0.0,27.0,0.036,286,47.9,48.1
web-06,2026-07-14T14:39:30Z,126.9,9.56,0.0,20.2,0.0288,277,50.8,52.7
web-07,2026-07-14T14:39:30Z,133.6,8.53,0.0,29.0,0.0308,315,51.4,51.3
web-08,2026-07-14T14:39:30Z,129.2,8.69,0.0,28.1,0.0318,301,45.3,54.2
app-01,2026-07-14T14:39:30Z,213.6,6.12,0.0,18.2,0.0487,245,61.4,59.2
app-02,2026-07-14T14:39:30Z,216.7,5.86,0.0,17.6,0.0537,236,66.3,59.5
app-03,2026-07-14T14:39:30Z,203.9,6.12,0.0,16.4,0.0487,239,63.9,56.5
app-04,2026-07-14T14:39:30Z,210.5,6.36,0.0,18.2,0.0444,259,66.7,59.3
app-05,2026-07-14T14:39:30Z,206.7,6.73,0.0,20.1,0.0511,258,61.8,56.5
app-06,2026-07-14T14:39:30Z,228.4,6.85,0.0,22.2,0.0524,227,59.8,57.2
app-07,2026-07-14T14:39:30Z,199.1,6.96,0.0,23.3,0.0516,247,63.5,55.2
app-08,2026-07-14T14:39:30Z,219.2,6.74,0.0,17.2,0.0457,222,61.8,57.9
app-09,2026-07-14T14:39:30Z,204.6,6.37,0.0,22.5,0.0537,247,65.3,55.2
app-10,2026-07-14T14:39:30Z,199.1,5.81,0.0,22.9,0.0522,221,61.3,56.2
db-01,2026-07-14T14:39:30Z,188.1,3.12,0.0,44.0,0.0821,150,74.2,60.7
db-02,2026-07-14T14:39:30Z,3.7,0.19,0.0,32.5,0.0006,35,23.4,54.2
cache-01,2026-07-14T14:39:30Z,0.8,0.13,0.0,107.2,0.0002,362,22.1,43.0
cache-02,2026-07-14T14:39:30Z,0.77,0.14,0.0,129.4,0.0009,356,15.6,83.8
mq-01,2026-07-14T14:39:30Z,2.22,0.2,0.0,28.6,0.0005,95,18.8,31.8
dns-01,2026-07-14T14:39:30Z,0.68,0.18,0.0,32.0,0.0004,237,10.0,19.6
fw-01,2026-07-14T14:40:00Z,0.97,0.09,0.0,5627.1,0.0004,2005,33.6,39.9
lb-01,2026-07-14T14:40:00Z,3.5,0.26,0.0,200.6,0.0313,3103,27.3,36.1
core-sw-01,2026-07-14T14:40:00Z,0.41,0.09,0.0,6563.8,0.0005,1338,18.6,35.8
tor-sw-01,2026-07-14T14:40:00Z,0.36,0.1,0.0,2065.0,0.0003,1031,21.0,31.8
tor-sw-02,2026-07-14T14:40:00Z,0.32,0.08,0.0,2019.2,0.0002,990,17.3,28.6
tor-sw-03,2026-07-14T14:40:00Z,0.39,0.07,0.0,2153.8,0.0004,983,20.1,33.3
web-01,2026-07-14T14:40:00Z,125.1,9.58,0.0,25.9,0.0325,321,52.8,55.0
web-02,2026-07-14T14:40:00Z,157.4,8.37,0.0,33.2,0.034,277,50.7,53.5
web-03,2026-07-14T14:40:00Z,140.5,9.43,0.0,30.1,0.0327,289,47.9,53.2
web-04,2026-07-14T14:40:00Z,113.7,8.98,0.0,28.5,0.0342,319,50.4,50.8
web-05,2026-07-14T14:40:00Z,114.1,8.73,0.0,30.9,0.0352,308,47.8,50.2
web-06,2026-07-14T14:40:00Z,122.8,8.3,0.0,33.6,0.0288,295,45.6,47.3
web-07,2026-07-14T14:40:00Z,116.5,8.72,0.0,30.1,0.0343,296,49.3,50.6
web-08,2026-07-14T14:40:00Z,120.8,8.82,0.0,32.0,0.0323,307,51.0,52.4
app-01,2026-07-14T14:40:00Z,232.8,6.77,0.0,24.7,0.0565,229,66.4,59.5
app-02,2026-07-14T14:40:00Z,213.5,6.49,0.0,22.1,0.0548,231,63.1,54.6
app-03,2026-07-14T14:40:00Z,212.4,6.37,0.0,24.5,0.0551,241,66.5,54.4
app-04,2026-07-14T14:40:00Z,190.7,6.4,0.0,18.0,0.0447,248,59.7,55.9
app-05,2026-07-14T14:40:00Z,216.5,6.65,0.0,19.9,0.0595,252,63.7,59.1
app-06,2026-07-14T14:40:00Z,229.5,6.3,0.0,25.3,0.0566,243,64.3,54.9
app-07,2026-07-14T14:40:00Z,205.4,6.04,0.0,24.1,0.0612,239,61.8,58.7
app-08,2026-07-14T14:40:00Z,197.2,6.77,0.0,16.6,0.0496,224,59.7,56.8
app-09,2026-07-14T14:40:00Z,231.8,6.68,0.0,25.6,0.0433,255,60.5,54.9
app-10,2026-07-14T14:40:00Z,215.1,6.59,0.0,25.1,0.0434,254,61.1,54.4
db-01,2026-07-14T14:40:00Z,176.5,3.19,0.0,35.1,0.088,150,74.9,62.2
db-02,2026-07-14T14:40:00Z,4.06,0.23,0.0,33.9,0.0009,38,28.1,57.0
cache-01,2026-07-14T14:40:00Z,0.96,0.14,0.0,125.3,0.0002,376,20.0,42.0
cache-02,2026-07-14T14:40:00Z,0.65,0.15,0.0,109.3,0.0007,392,16.5,84.5
mq-01,2026-07-14T14:40:00Z,2.5,0.3,0.0,37.9,0.0011,80,18.2,30.6
dns-01,2026-07-14T14:40:00Z,0.66,0.26,0.0,34.9,0.001,232,8.9,20.1
